PlayerName,position,Throws,Season,Age,IP,GS,ERA,FIP,WHIP,SO,K%,BB%,WAR,Dollars,FBv,HardHit%,Barrel%
Clayton Kershaw,P,L,2015,27.0,232.2,33.0,2.127507116814925,1.9903272993479395,0.8810888059536558,301.0,0.33820225,0.04719101,8.552693367004395,68.42154693603516,93.6206707,0.24538745,0.03321033
Jake Arrieta,P,R,2015,29.0,229.0,33.0,1.7685588341219818,2.347567601501342,0.8646287633485243,236.0,0.27126437,0.05517241,7.033605098724365,56.26884078979492,94.609447,0.24655172,0.02241379
David Price,P,L,2015,29.0,220.1,32.0,2.450831959465271,2.7750461114856364,1.075642915543091,225.0,0.25337838,0.05292793,6.698485374450684,53.58788299560547,94.16499443,0.30831974,0.045677
Max Scherzer,P,R,2015,30.0,228.2,33.0,2.794460392769203,2.766246843908274,0.9183672652293156,276.0,0.30700779,0.0378198,6.515219211578369,52.12175369262695,94.16767372,0.29794521,0.05821918
Dallas Keuchel,P,L,2015,27.0,232.0,33.0,2.4827584573970363,2.909455833707212,1.01724131240573,216.0,0.23710209,0.05598244,5.693697929382324,45.549583435058594,89.60113227,0.28037383,0.03271028
Chris Sale,P,L,2015,26.0,208.2,31.0,3.4073484089201616,2.7310378198322174,1.0878594779534132,274.0,0.32084309,0.04918033,5.618009090423584,44.94407272338867,94.49626651,0.26666667,0.04
Corey Kluber,P,R,2015,29.0,222.0,32.0,3.4864862468488367,2.9714315989837754,1.0540539816054624,245.0,0.2765237,0.05079007,5.570906639099121,44.56725311279297,92.79277679,0.32307692,0.05641026
Zack Greinke,P,R,2015,31.0,222.2,32.0,1.6571854773254873,2.760839293040609,0.8443113001007903,200.0,0.23724792,0.04744958,5.318363189697266,42.546905517578125,91.82446483,0.27759197,0.04013378
Chris Archer,P,R,2015,26.0,212.0,34.0,3.2264150943396226,2.897744693396227,1.1367924528301887,252.0,0.29032258,0.07603687,5.107626914978027,40.86101531982422,95.16720257,0.39122486,0.04570384
Gerrit Cole,P,R,2015,24.0,208.0,32.0,2.5961538461538463,2.657632211538462,1.0913461538461537,202.0,0.24278846,0.05288462,5.097633361816406,40.78106689453125,95.64743886,0.34722222,0.04340278
Madison Bumgarner,P,L,2015,25.0,218.1,32.0,2.9267178299735574,2.872525023382641,1.007633681681037,234.0,0.26927503,0.04487917,4.892143726348877,39.137149810791016,92.0669587,0.30050934,0.0475382
Jon Lester,P,L,2015,31.0,205.0,32.0,3.336585614206127,2.918959587682647,1.121951303022528,207.0,0.25,0.05676329,4.862522602081299,38.90018081665039,91.95546318,0.28395062,0.04409171
Jacob deGrom,P,R,2015,27.0,191.0,30.0,2.5445028210787006,2.704274343974376,0.979057669838924,205.0,0.27296937,0.0505992,4.860325336456299,38.88260269165039,94.95801527,0.29644269,0.03952569
Carlos Carrasco,P,R,2015,28.0,183.2,30.0,3.626133899597733,2.8395828932758596,1.0725951624936236,216.0,0.29589041,0.05890411,4.811462879180908,38.491703033447266,94.51008458,0.34549356,0.04506438
Cole Hamels,P,L,2015,31.0,212.1,32.0,3.6452120182441465,3.4726832400692236,1.1868132152422803,215.0,0.24431818,0.07045455,4.498921513557434,35.99137210845947,92.57904412,0.33389545,0.04384486
Jose Quintana,P,L,2015,26.0,206.1,32.0,3.358643303708108,3.1820590213377793,1.2697901090498187,177.0,0.20533643,0.05104408,4.3079986572265625,34.4639892578125,91.56578947,0.328594,0.04265403
Johnny Cueto,P,R,2015,29.0,212.0,32.0,3.43867949278342,3.5251032121413224,1.1320755531797266,176.0,0.20323326,0.05311778,4.142643928527832,33.141151428222656,92.49849125,0.31761006,0.04874214
Matt Harvey,P,R,2015,26.0,189.1,29.0,2.709506896676781,3.049086712286884,1.0193661424144616,188.0,0.24900662,0.04900662,4.0476861000061035,32.38148880004883,95.9001218,0.3047619,0.03428571
Tyson Ross,P,R,2015,28.0,196.0,33.0,3.2602038278226404,2.97543049700704,1.3061223472967072,212.0,0.25759417,0.10206561,3.9746007919311523,31.79680633544922,92.84254808,0.32947977,0.0327553
Sonny Gray,P,R,2015,25.0,208.0,31.0,2.7259615384615383,3.4509014423076927,1.0817307692307692,169.0,0.20336943,0.0709988,3.9494943618774414,31.59595489501953,92.94498382,0.34442596,0.04492512
Shelby Miller,P,R,2015,24.0,205.1,33.0,3.0243507242661196,3.445282069409069,1.2467532776362749,171.0,0.19883721,0.08488372,3.686624526977539,29.492996215820312,94.03503036,0.27704918,0.03606557
Gio Gonzalez,P,L,2015,29.0,175.2,31.0,3.7912715667939776,3.0482047507478836,1.4231499875352769,169.0,0.22295515,0.09102902,3.6605777740478516,29.284622192382812,92.00207361,0.34108527,0.04844961
Michael Pineda,P,R,2015,26.0,160.2,27.0,4.369294467489331,3.3389879343691566,1.2261410400219346,156.0,0.23353293,0.03143713,3.561232328414917,28.489858627319336,92.78882438,0.34221311,0.05737705
Collin McHugh,P,R,2015,28.0,203.2,32.0,3.8887069405287087,3.58040224947994,1.2765957127998286,171.0,0.19906868,0.06169965,3.5386905670166016,28.309524536132812,90.44700461,0.29233227,0.03514377
John Lackey,P,R,2015,36.0,218.0,33.0,2.7660550458715596,3.5647864105504588,1.2110091743119267,175.0,0.1953125,0.05915179,3.5074737071990967,28.059789657592773,91.63523217,0.32379518,0.05572289
Carlos Martinez,P,R,2015,23.0,179.2,29.0,3.0055660328805125,3.2115158323339394,1.285714358509997,184.0,0.24370861,0.08344371,3.2908614091575146,26.326891273260117,95.32129514,0.336,0.046
Francisco Liriano,P,L,2015,31.0,186.2,31.0,3.375000183922914,3.18716518149084,1.2053572085438977,205.0,0.26520052,0.09055627,3.2834312915802,26.2674503326416,92.45474138,0.27991886,0.04259635
Kyle Hendricks,P,R,2015,25.0,180.0,32.0,3.950000334845677,3.355815991060235,1.161111209539728,167.0,0.22598106,0.05818674,3.2176544666290283,25.741235733032227,88.30744849,0.29174664,0.03454894
Nathan Eovaldi,P,R,2015,25.0,154.1,27.0,4.198704657167592,3.418690979807676,1.4514040790208957,121.0,0.17979198,0.07280832,3.189133405685425,25.5130672454834,96.73238321,0.348,0.05
Anthony DeSclafani,P,R,2015,25.0,184.2,31.0,4.0451265766199755,3.6696948625640933,1.3483755255399918,151.0,0.19235669,0.07006369,3.1452159881591797,25.161727905273438,92.51988796,0.34320557,0.04878049
J.A. Happ,P,L,2015,32.0,172.0,31.0,3.610465436577503,3.406849588195077,1.2674419729048239,151.0,0.21059972,0.06276151,3.1318670995533466,25.054936796426773,91.86988848,0.37379576,0.04624277
Jordan Zimmermann,P,R,2015,29.0,201.2,33.0,3.659504039934545,3.753428445110865,1.204958647295521,164.0,0.19735259,0.04693141,3.0824413299560547,24.659530639648438,93.02694301,0.32903226,0.04193548
Danny Salazar,P,R,2015,25.0,185.0,30.0,3.4540537691639033,3.6146747914015456,1.129729636549696,195.0,0.25759577,0.07001321,3.029083013534546,24.232664108276367,94.77857829,0.37450199,0.06374502
Lance Lynn,P,R,2015,28.0,175.1,31.0,3.028517198120732,3.441578549808888,1.3688213324839467,167.0,0.22237017,0.09054594,2.9753689765930176,23.80295181274414,91.74312282,0.30919765,0.04892368
Jake Odorizzi,P,R,2015,25.0,169.1,28.0,3.348424995697202,3.6119401779567433,1.1515747339699371,150.0,0.21428571,0.06571429,2.8739113807678223,22.991291046142578,91.33715104,0.33932136,0.06187625
Kyle Gibson,P,R,2015,27.0,194.2,32.0,3.8373283660754516,3.9555114723187046,1.2893834268874675,145.0,0.17661389,0.07917174,2.818833827972412,22.550670623779297,91.78214094,0.34437086,0.04966887
Garrett Richards,P,R,2015,27.0,207.1,32.0,3.6463020719030412,3.8618895342028563,1.2395497784114835,176.0,0.20346821,0.08786127,2.8079240322113037,22.46339225769043,95.49949393,0.31578947,0.04934211
Wei-Yin Chen,P,L,2015,29.0,191.1,31.0,3.3397216094781017,4.157984102828964,1.2177701643323906,153.0,0.19318182,0.05176768,2.7758305072784424,22.20664405822754,91.399896,0.31871838,0.05902192
Yordano Ventura,P,R,2015,24.0,163.1,28.0,4.077551147384679,3.568287641087556,1.2979592240924205,156.0,0.22510823,0.08369408,2.747325897216797,21.978607177734375,96.35016393,0.31914894,0.05319149
Wade Miley,P,L,2015,28.0,193.2,32.0,4.461273900425602,3.810013751106197,1.368330536588871,147.0,0.17689531,0.07701564,2.718369722366333,21.746957778930664,90.82395143,0.31493506,0.04545455
Edinson Volquez,P,R,2015,31.0,200.1,33.0,3.549084678353629,3.822445628499017,1.3078202330923359,155.0,0.18235294,0.08470588,2.691463366150856,21.531706929206848,93.68653159,0.33495935,0.05853659
Alex Wood,P,L,2015,24.0,189.2,32.0,3.8435851341854925,3.692468954696382,1.3550087510091517,139.0,0.17353308,0.07365793,2.6806859970092773,21.44548797607422,89.05752212,0.32721202,0.04340568
Félix Hernández,P,R,2015,29.0,201.2,31.0,3.5256194790301887,3.7187176579121832,1.1801651701957594,191.0,0.23123487,0.07021792,2.660060167312622,21.280481338500977,91.84218513,0.34507042,0.04225352
Ubaldo Jiménez,P,R,2015,31.0,184.0,32.0,4.1086953114472005,4.00859367743783,1.3586955394997358,168.0,0.21238938,0.08596713,2.6068472862243652,20.854778289794922,90.59569892,0.31801471,0.04227941
Colby Lewis,P,R,2015,35.0,204.2,33.0,4.661237321662299,4.174310258924601,1.236156228910442,142.0,0.16492451,0.04878049,2.582627534866333,20.661020278930664,87.95148078,0.34984985,0.06756757
A.J. Burnett,P,R,2015,38.0,164.0,26.0,3.1829265331243626,3.3592034851065162,1.3597559710473808,143.0,0.20457797,0.07010014,2.552363872528076,20.41891098022461,90.89321608,0.39112903,0.0483871
Yovani Gallardo,P,R,2015,29.0,184.1,33.0,3.4177216132916692,4.001586540677249,1.4159132397922631,121.0,0.15258512,0.08575032,2.5519790649414062,20.41583251953125,90.38175479,0.34328358,0.02819237
Bartolo Colon,P,R,2015,42.0,194.2,31.0,4.160958795391793,3.8373608548996,1.2380136662832373,136.0,0.16687117,0.02944785,2.4839516282081604,19.871613025665283,88.31121995,0.34869432,0.05376344
Jesse Chavez,P,R,2015,31.0,157.0,26.0,4.184713121601693,3.846969502845342,1.350318389314397,136.0,0.20238095,0.07142857,2.459713399410248,19.677707195281982,91.20927602,0.34156379,0.05349794
Mike Fiers,P,R,2015,30.0,180.1,30.0,3.6931606831026804,4.031930132376329,1.2532347062780869,180.0,0.23653088,0.08409987,2.3552894555032253,18.842315644025803,89.44039352,0.29745597,0.05870841
Scott Kazmir,P,L,2015,31.0,183.0,31.0,3.098360655737705,3.975123804644809,1.2076502732240437,155.0,0.20314548,0.07732634,2.3381970673799515,18.705576539039612,91.30918728,0.34259259,0.05185185
Jeff Samardzija,P,R,2015,30.0,214.0,32.0,4.962616468581692,4.227051615958678,1.2943924310707426,163.0,0.17912088,0.05384615,2.321871519088745,18.57497215270996,94.22809668,0.31778426,0.05102041
Erasmo Ramírez,P,R,2015,25.0,163.1,27.0,3.7469388921913267,3.7642060145354685,1.1326530964957442,126.0,0.18918919,0.06006006,2.312509954907,18.500079639256,90.93427931,0.33604888,0.04887984
Mike Pelfrey,P,R,2015,31.0,164.2,30.0,4.263157368011182,3.9959418215920057,1.4757083196961784,86.0,0.12044818,0.06302521,2.270897388458252,18.167179107666016,93.27417695,0.37127846,0.04553415
Jason Hammel,P,R,2015,32.0,170.2,31.0,3.7441401786637094,3.6785155600402577,1.160156111698614,172.0,0.24225352,0.05633803,2.262202024459839,18.09761619567871,92.28256375,0.36585366,0.07113821
Michael Wacha,P,R,2015,23.0,181.1,30.0,3.37499981066761,3.8670495912071763,1.2132352260569839,153.0,0.2007874,0.07611549,2.204303503036499,17.634428024291992,94.19138756,0.33394495,0.04770642
Mark Buehrle,P,L,2015,36.0,198.2,32.0,3.8053690300917395,4.261110499656812,1.2432885587733593,91.0,0.11003628,0.03990326,1.9744963645935059,15.795970916748047,83.35870331,0.33045977,0.04885057
Chris Tillman,P,R,2015,27.0,173.0,31.0,4.994219212683598,4.44573236259164,1.387283114634333,120.0,0.16194332,0.08636977,1.9486788511276245,15.589430809020996,91.46550816,0.32246377,0.05072464
Jimmy Nelson,P,R,2015,26.0,177.1,30.0,4.110902019821855,4.103518506391439,1.2857142119607445,148.0,0.19680851,0.08643617,1.920040488243103,15.360323905944824,93.48450536,0.29467681,0.04752852
Andrew Cashner,P,R,2015,28.0,184.2,31.0,4.337544648478853,3.853810277150671,1.440433054301342,165.0,0.20522388,0.08208955,1.8373939990997314,14.699151992797852,94.81421027,0.34567901,0.05114638
Marco Estrada,P,R,2015,31.0,181.0,28.0,3.132596619061283,4.404311955262955,1.0441988730204277,131.0,0.18068966,0.07586207,1.833077048882842,14.664616391062737,89.31192661,0.3071161,0.05243446
Trevor Bauer,P,R,2015,24.0,176.0,30.0,4.551136758209294,4.332457490302324,1.3125001137906953,170.0,0.22849462,0.1061828,1.8263616003096104,14.610892802476883,92.79362101,0.33877551,0.05918367
R.A. Dickey,P,R,2015,40.0,214.1,33.0,3.9051320075036218,4.48196071555382,1.1944011874801999,126.0,0.14253394,0.06900452,1.8101197481155396,14.480957984924316,81.49171271,0.30466472,0.04373178
Chase Anderson,P,R,2015,27.0,152.2,27.0,4.303493306405903,4.1357771227246625,1.2969431882319158,111.0,0.1734375,0.0625,1.799093246459961,14.392745971679688,91.535501,0.31120332,0.05186722
Taijuan Walker,P,R,2015,22.0,169.2,29.0,4.561886324592774,4.0648315268548565,1.196463725959087,157.0,0.2223796,0.05665722,1.7778491973876953,14.222793579101562,94.25279248,0.338,0.076
Jorge De La Rosa,P,L,2015,34.0,149.0,26.0,4.167785234899329,4.187285025167785,1.3557046979865772,134.0,0.21102362,0.1023622,1.7553826570510864,14.043061256408691,91.44936709,0.30946882,0.04387991
Rick Porcello,P,R,2015,26.0,172.0,28.0,4.918605087511381,4.1277798847097475,1.3604652369712331,149.0,0.20217096,0.05156038,1.7210618257522583,13.768494606018066,90.95558023,0.36296296,0.05555556
Mike Leake,P,R,2015,27.0,192.0,30.0,3.703125,4.196093750000001,1.1614583333333333,119.0,0.1529563,0.06298201,1.6155744157731533,12.924595326185226,90.93884298,0.35914333,0.05271829
Brett Anderson,P,L,2015,27.0,180.1,31.0,3.693160604979081,3.9432055342746937,1.330868686478948,116.0,0.15466667,0.06133333,1.4523614645004272,11.618891716003418,90.69540636,0.32764505,0.04095563
Nate Karns,P,R,2015,27.0,147.0,26.0,3.6734690064442947,4.085974603522595,1.278911431873199,145.0,0.23349436,0.09017713,1.4176353067159653,11.341082453727722,91.64188706,0.37108434,0.06987952
Julio Teheran,P,R,2015,24.0,200.2,33.0,4.036545055125547,4.4043579340210055,1.3056479067196212,171.0,0.20284698,0.08659549,1.3821426630020142,11.057141304016113,91.18095713,0.36440678,0.05084746
Alfredo Simon,P,R,2015,34.0,187.0,31.0,5.053475935828877,4.769957386363636,1.4385026737967914,117.0,0.14268293,0.08292683,1.3713104724884033,10.970483779907227,92.74607703,0.3907496,0.06060606
Drew Hutchison,P,R,2015,24.0,150.1,28.0,5.56762762101843,4.417407526411657,1.4833703219678733,129.0,0.19427711,0.06626506,1.358798049390316,10.870384395122528,92.43661972,0.34791667,0.06041667
Jeff Locke,P,L,2015,27.0,168.1,30.0,4.491088837510585,3.953395680656695,1.4198018943981876,129.0,0.17527174,0.08152174,1.3341727256774902,10.673381805419922,91.30983412,0.30185185,0.03518519
Aníbal Sánchez,P,R,2015,31.0,157.0,25.0,4.987261631207473,4.732320020029471,1.2802549014977038,138.0,0.20909091,0.07424242,1.3198747634887695,10.558998107910156,91.86651235,0.31355932,0.06144068
Chris Heston,P,R,2015,27.0,177.2,31.0,3.9512190597311956,4.01727094711937,1.3114445027312942,141.0,0.18900804,0.08579088,1.313252568244934,10.506020545959473,88.98278932,0.3655303,0.04924242
John Danks,P,L,2015,30.0,177.2,30.0,4.711069688124648,4.490066623163727,1.4127580546228036,124.0,0.16145833,0.07291667,1.3111677169799805,10.489341735839844,89.44140625,0.3042735,0.05128205
Joe Kelly,P,R,2015,27.0,134.1,25.0,4.823821522594727,4.175777412288984,1.4441687891718782,110.0,0.18771331,0.08361775,1.2248140573501587,9.79851245880127,95.43380463,0.39904988,0.04275534
Aaron Harang,P,R,2015,37.0,172.1,29.0,4.856866251025541,4.833787073238332,1.3926498210825924,108.0,0.14438503,0.06818182,1.2069156169891357,9.655324935913086,89.50029638,0.37049743,0.0703259
CC Sabathia,P,L,2015,34.0,167.1,29.0,4.733067441351085,4.6754263255916415,1.4223106705070179,137.0,0.18870523,0.06887052,1.1939533948898315,9.551627159118652,90.06869221,0.31144465,0.0412758
Phil Hughes,P,R,2015,29.0,155.1,25.0,4.40343318802121,4.697971329954903,1.2875535637488917,94.0,0.14439324,0.02457757,1.1785784624516964,9.428627699613571,90.66541635,0.40630798,0.07606679
Dan Haren,P,R,2015,34.0,187.1,32.0,3.6032030915503377,4.612241537199175,1.1316726746795134,132.0,0.171875,0.04947917,1.081938773393631,8.655510187149048,86.09659614,0.33898305,0.06440678
Jeremy Hellickson,P,R,2015,28.0,146.0,27.0,4.623287188042712,4.441812791357272,1.3287669844152388,121.0,0.19025157,0.06761006,1.0214494466781616,8.171595573425293,90.11316726,0.36695279,0.08154506
Tom Koehler,P,R,2015,29.0,187.1,31.0,4.083630336734903,4.5268323354742614,1.3718862699880656,137.0,0.17125,0.09625,0.8761652261018753,7.009321808815002,92.13051044,0.37241379,0.05689655
Jered Weaver,P,R,2015,32.0,159.0,26.0,4.641508988529519,4.81283887186637,1.2327042842165117,90.0,0.13452915,0.04932735,0.8077002167701721,6.461601734161377,83.28421053,0.28838951,0.06179775
James Shields,P,R,2015,33.0,202.1,33.0,3.914332882583163,4.453198396022355,1.3344316645169874,216.0,0.25116279,0.09418605,0.7887256145477295,6.309804916381836,90.9978308,0.37725632,0.05595668
Jonathon Niese,P,L,2015,28.0,176.2,29.0,4.126415042364543,4.41283901690588,1.3981131899369577,113.0,0.14675325,0.07142857,0.683882899582386,5.471063196659088,89.09976247,0.32040472,0.04384486
Héctor Santiago,P,L,2015,27.0,180.2,32.0,3.586715799315486,4.771970102773741,1.2564575408095917,162.0,0.20876289,0.09149485,0.6282722651958466,5.0261781215667725,90.32807571,0.36022514,0.07879925
Rubby De La Rosa,P,R,2015,26.0,188.2,32.0,4.674911156653828,4.813805582947011,1.356890313042381,150.0,0.18541409,0.07787392,0.588188111782074,4.705504894256592,94.32426304,0.3277027,0.06081081
Miguel González,P,R,2015,31.0,144.2,26.0,4.914746370983691,5.0068655735394945,1.3963133149630176,109.0,0.17524116,0.08199357,0.5603715777397156,4.482972621917725,91.09936575,0.34801762,0.05726872
Ian Kennedy,P,R,2015,30.0,168.1,30.0,4.2772274642957955,4.511811488495312,1.2950494266895602,174.0,0.24403927,0.07293128,0.408503919839859,3.268031358718872,91.31431767,0.39791667,0.08333333
Matt Garza,P,R,2015,31.0,148.2,25.0,5.630044072577086,4.936284086261241,1.567264359510706,104.0,0.15615616,0.08558559,0.38746218010783195,3.0996974408626556,92.65365239,0.32206759,0.04771372
Kyle Kendrick,P,R,2015,30.0,142.1,27.0,6.323185237667798,6.119542334454238,1.524590218415458,80.0,0.12718601,0.07154213,-0.8595678806304932,-6.876543045043945,88.9546798,0.37424547,0.06237425
José Fernández,P,R,2016,23.0,182.1,29.0,2.8628883229096562,2.301953482980782,1.1188299192980267,253.0,0.34328358,0.07462687,6.349035739898682,50.79228591918945,95.18245839,0.35933806,0.03546099
Noah Syndergaard,P,R,2016,23.0,183.2,30.0,2.5970959010632413,2.2863063946501625,1.1488201994221046,218.0,0.29301075,0.0577957,6.016122929751873,48.128983438014984,97.95133256,0.31808732,0.03534304
Max Scherzer,P,R,2016,31.0,228.1,34.0,2.956204445413285,3.238531187811431,0.9678832332390161,284.0,0.31485588,0.06208426,5.629554271697998,45.036434173583984,94.30421534,0.29496403,0.06115108
Justin Verlander,P,R,2016,33.0,227.2,34.0,3.0439237972963524,3.4847741380981683,1.0014641064697958,254.0,0.28128461,0.06312292,5.366349697113037,42.9307975769043,93.46711153,0.32876712,0.07534247
Chris Sale,P,L,2016,27.0,226.2,32.0,3.3352942673310344,3.4597956910182868,1.0367647524111019,233.0,0.25689085,0.04961411,5.298168659210205,42.38534927368164,92.76395062,0.31862745,0.05555556
Rick Porcello,P,R,2016,27.0,223.0,33.0,3.1479820627802693,3.3976814590762014,1.0089686098654709,189.0,0.21235955,0.03595506,5.112099647521973,40.89679718017578,90.20449116,0.35060976,0.07012195
Jose Quintana,P,L,2016,27.0,208.0,32.0,3.201922842031417,3.560021890973201,1.163461453110515,181.0,0.21624851,0.05973716,4.910183906555176,39.281471252441406,92.05002295,0.34219269,0.0448505
Corey Kluber,P,R,2016,30.0,215.0,32.0,3.13953488372093,3.258188289819762,1.0558139534883721,227.0,0.26395349,0.06627907,4.901618957519531,39.21295166015625,92.46922608,0.30404218,0.05975395
Johnny Cueto,P,R,2016,30.0,219.2,32.0,2.786039389208517,2.9553616012306687,1.0925644663562812,198.0,0.22474461,0.05107832,4.89079475402832,39.12635803222656,91.48964677,0.33174603,0.04444444
Masahiro Tanaka,P,R,2016,27.0,199.2,31.0,3.0651084361104455,3.512169722444427,1.076794630332918,165.0,0.20496894,0.0447205,4.682737350463867,37.46189880371094,90.55831533,0.36439268,0.04326123
David Price,P,L,2016,30.0,230.0,35.0,3.991304347826087,3.6030821219734523,1.2043478260869565,228.0,0.23974763,0.05257624,4.399136543273926,35.193092346191406,92.88171429,0.33333333,0.06306306
Madison Bumgarner,P,L,2016,26.0,226.2,34.0,2.739705820875598,3.2436192041944887,1.023529388797325,251.0,0.2752193,0.05921053,4.297791957855225,34.3823356628418,90.85014577,0.31051753,0.06677796
Jon Lester,P,L,2016,32.0,202.2,32.0,2.4424339653382585,3.408073514485296,1.0164472663831945,197.0,0.24748744,0.06532663,4.234307765960693,33.87446212768555,92.11153221,0.29205176,0.04066543
Kyle Hendricks,P,R,2016,26.0,190.0,30.0,2.1315791185542956,3.2044551243346153,0.9789474470397506,170.0,0.22818792,0.0590604,4.166562611237168,33.33250088989735,87.7518797,0.26195029,0.03441683
Jon Gray,P,R,2016,24.0,168.0,29.0,4.60714327559183,3.6048937578049953,1.2619048765186924,185.0,0.25983146,0.08286517,3.5533251762390137,28.42660140991211,95.147155,0.34210526,0.05921053
Matt Shoemaker,P,R,2016,29.0,160.0,27.0,3.8812503701448793,3.5153104180097614,1.225000116825115,143.0,0.21407186,0.04491018,3.5334737300872803,28.267789840698242,91.47320692,0.35040984,0.06967213
Ervin Santana,P,R,2016,33.0,181.1,30.0,3.3750003786648444,3.8083251629733796,1.2187501367400828,149.0,0.19919786,0.07085561,3.4991955757141113,27.99356460571289,92.71678548,0.31918819,0.05904059
Aaron Sanchez,P,R,2016,23.0,192.0,30.0,2.99999976158144,3.5476020176377587,1.1666665739483377,161.0,0.20379747,0.07974684,3.4975790977478027,27.980632781982422,94.74630996,0.39750446,0.06060606
Jake Arrieta,P,R,2016,30.0,197.1,31.0,3.1013514312886272,3.5215603925086363,1.0844594874113826,190.0,0.23899371,0.09559748,3.473510980606079,27.788087844848633,93.72200393,0.29636711,0.04780115
Jeremy Hellickson,P,R,2016,29.0,189.0,32.0,3.7142860141561207,3.9772482805958824,1.1534392465613024,154.0,0.19948187,0.05829016,3.3647830486297607,26.918264389038086,90.05759889,0.28395062,0.06878307
Cole Hamels,P,L,2016,32.0,200.2,32.0,3.3189367929518996,3.9787862753699956,1.3056478074375342,200.0,0.23584906,0.09080189,3.2995853424072266,26.396682739257812,92.58350951,0.35701599,0.06039076
Marcus Stroman,P,R,2016,25.0,204.0,32.0,4.367646732132352,3.710285830873568,1.2892155898437807,166.0,0.19415205,0.06315789,3.292428970336914,26.339431762695312,92.43353898,0.41838352,0.04912837
Tanner Roark,P,R,2016,29.0,210.0,33.0,2.828571611618521,3.789417567301773,1.1714286472359532,172.0,0.20116959,0.08538012,3.2894887030124664,26.31590962409973,92.09317963,0.30318258,0.05360134
Robbie Ray,P,L,2016,24.0,174.1,32.0,4.904397419368391,3.7603270774306408,1.46845115714422,218.0,0.28092784,0.09149485,3.279719352722168,26.237754821777344,94.0898177,0.39293139,0.06860707
Michael Pineda,P,R,2016,27.0,175.2,32.0,4.815939139496396,3.7955167207893403,1.3491460709936711,207.0,0.27380952,0.07010582,3.19671368598938,25.57370948791504,94.06731392,0.39183673,0.06734694
Carlos Martinez,P,R,2016,24.0,195.1,31.0,3.040955710582426,3.6073112480827794,1.223549519914478,174.0,0.21508035,0.08652658,3.1855831146240234,25.484664916992188,95.58079356,0.30505415,0.03790614
Michael Fulmer,P,R,2016,23.0,159.0,26.0,3.0566034802511464,3.75662321737874,1.1194967479109137,132.0,0.20401855,0.06491499,3.1130828857421875,24.9046630859375,94.7514245,0.32327586,0.05818966
Kevin Gausman,P,R,2016,25.0,179.2,30.0,3.6066789331473967,4.103888741641401,1.2801483867652799,174.0,0.22985469,0.06208719,3.1023905277252197,24.819124221801758,94.65244789,0.33898305,0.07156309
Julio Teheran,P,R,2016,25.0,188.0,30.0,3.2074468085106385,3.6891135743323793,1.053191489361702,167.0,0.22031662,0.05408971,3.0228285789489746,24.182628631591797,90.85636693,0.33826248,0.06469501
Jerad Eickhoff,P,R,2016,25.0,197.1,33.0,3.6486484605609553,4.190479247947958,1.1604729131506373,167.0,0.20591862,0.05178792,2.974400043487549,23.79520034790039,90.98804279,0.35016835,0.05723906
Drew Pomeranz,P,L,2016,27.0,170.2,30.0,3.322265491180138,3.8028103564094655,1.1835937023251992,186.0,0.26458037,0.09246088,2.97133419662714,23.77067357301712,90.33308605,0.34368071,0.07317073
Chris Archer,P,R,2016,27.0,201.1,33.0,4.023179214495649,3.8121233640064958,1.2417219797826078,233.0,0.27411765,0.07882353,2.923107385635376,23.384859085083008,94.31636364,0.40402194,0.08409506
Kenta Maeda,P,R,2016,28.0,175.2,32.0,3.483871169486358,3.579197979053742,1.1385199900282215,179.0,0.25,0.0698324,2.921157121658325,23.3692569732666,89.9903537,0.25469729,0.05427975
Danny Duffy,P,L,2016,27.0,179.2,26.0,3.5064934816767885,3.8255956285010626,1.1410018472122883,188.0,0.25718194,0.05745554,2.9042539596557617,23.234031677246094,94.77272727,0.36032389,0.07894737
John Lackey,P,R,2016,37.0,188.1,29.0,3.3451325626808064,3.8102771611527015,1.0566371110690167,180.0,0.24064171,0.07085561,2.8752787113189697,23.002229690551758,91.73709775,0.37747036,0.05731225
J.A. Happ,P,L,2016,33.0,195.0,32.0,3.1846153846153844,3.956816793099428,1.1692307692307693,163.0,0.20477387,0.07537688,2.830728530883789,22.645828247070312,91.62242152,0.37213404,0.07407407
Gio Gonzalez,P,L,2016,30.0,177.1,32.0,4.567669303941922,3.7612220546080413,1.3421053016520708,171.0,0.22352941,0.07712418,2.7952234745025635,22.361787796020508,90.82617383,0.33840304,0.05893536
Ricky Nolasco,P,R,2016,33.0,197.2,32.0,4.416526024636022,4.143187675916668,1.2445193608939993,144.0,0.17625459,0.05385557,2.792860984802246,22.34288787841797,90.40422721,0.35897436,0.06410256
Adam Wainwright,P,R,2016,34.0,198.2,33.0,4.620805250825684,3.9317952620682974,1.4043623801529037,161.0,0.19008264,0.06965762,2.7646782398223877,22.1174259185791,90.28300455,0.30064309,0.05948553
Collin McHugh,P,R,2016,29.0,184.2,33.0,4.337545006885047,3.9480044040901925,1.4079421994882797,177.0,0.22236181,0.0678392,2.7363169193267822,21.890535354614258,90.20444444,0.28392857,0.04642857
Marco Estrada,P,R,2016,32.0,176.0,29.0,3.477272727272727,4.146560382843018,1.1193181818181819,165.0,0.22821577,0.08990318,2.7282814979553223,21.826251983642578,88.11693834,0.31492843,0.07361963
Carlos Rodón,P,L,2016,23.0,165.0,28.0,4.036363263090815,4.013226969362517,1.3939392650313625,168.0,0.23496503,0.07552448,2.7064945697784424,21.65195655822754,93.41305571,0.34907598,0.04517454
Hisashi Iwakuma,P,R,2016,35.0,199.0,33.0,4.115577889447236,4.267163397918395,1.3266331658291457,147.0,0.17583732,0.05502392,2.679373025894165,21.43498420715332,87.83579882,0.33855799,0.05799373
CC Sabathia,P,L,2016,35.0,179.2,30.0,3.90723517907475,4.281996246847646,1.3191093125936122,152.0,0.19791667,0.08463542,2.643589496612549,21.14871597290039,89.98393574,0.27121771,0.04428044
Trevor Bauer,P,R,2016,25.0,190.0,28.0,4.26315750956869,3.9939287273375355,1.3105261973859308,168.0,0.20715166,0.08631319,2.6136126294732094,20.908901035785675,93.22978994,0.39716312,0.05673759
Zach Davies,P,R,2016,23.0,163.1,28.0,3.9673474329544294,3.8934992513930795,1.2489797474115796,135.0,0.19794721,0.05571848,2.5332741737365723,20.266193389892578,89.2835408,0.29224652,0.05168986
Danny Salazar,P,R,2016,26.0,137.1,25.0,3.8665045679700114,3.736366164397765,1.339805726000908,161.0,0.27568493,0.10787671,2.511315107345581,20.09052085876465,94.65432099,0.43575419,0.07821229
Chris Tillman,P,R,2016,28.0,172.0,30.0,3.7674415262407237,4.227955635745448,1.2848836069432097,140.0,0.1958042,0.09230769,2.4810564517974854,19.848451614379883,91.66506024,0.35258964,0.07768924
Mike Leake,P,R,2016,28.0,176.2,30.0,4.686792722697289,3.8314660826574767,1.3188680004691646,125.0,0.1651255,0.03963012,2.475973129272461,19.807785034179688,90.63416537,0.36806723,0.06218487
Chad Bettis,P,R,2016,27.0,186.0,32.0,4.790322187663894,4.264839860995756,1.4139783786258182,138.0,0.16953317,0.07248157,2.471168279647827,19.769346237182617,91.73290094,0.34918033,0.0557377
Bartolo Colon,P,R,2016,43.0,191.2,33.0,3.427825964012583,3.986560352715203,1.2104347391947021,128.0,0.16182048,0.04045512,2.4398464635014534,19.518771708011627,87.8632613,0.37579618,0.05254777
Carlos Carrasco,P,R,2016,29.0,146.1,25.0,3.3211842793747137,3.7205922335991413,1.1480637015122468,150.0,0.25041736,0.05676127,2.413642406463623,19.309139251708984,93.81186441,0.37621359,0.05097087
Dallas Keuchel,P,L,2016,28.0,168.0,26.0,4.5535718421547156,3.8727509249905667,1.2857144024907432,144.0,0.20542083,0.06847361,2.3948488235473633,19.158790588378906,88.55331842,0.37080868,0.06903353
Zack Greinke,P,R,2016,32.0,158.2,26.0,4.367646498781541,4.11714849368336,1.2731090804529166,134.0,0.20089955,0.06146927,2.309570074081421,18.476560592651367,91.33888426,0.30894309,0.06910569
Martín Pérez,P,L,2016,25.0,198.2,33.0,4.394295189510699,4.4955536368967035,1.4144294939891253,103.0,0.12046784,0.08888889,2.288487672805786,18.30790138244629,92.72971549,0.37202381,0.05952381
Iván Nova,P,R,2016,29.0,162.0,26.0,4.16666705912527,4.109523436507525,1.2530865377813776,127.0,0.18567251,0.04093567,2.2845596596598625,18.2764772772789,92.57181208,0.40769231,0.06730769
Jeff Samardzija,P,R,2016,31.0,203.1,32.0,3.806557186611629,3.8498390361834094,1.199999939965423,167.0,0.20144753,0.06513872,2.2320821285247803,17.856657028198242,94.28093645,0.3476112,0.05930807
Tyler Chatwood,P,R,2016,26.0,158.0,27.0,3.873417347445201,4.323775459027344,1.3734175888817135,117.0,0.17488789,0.10463378,1.9922873973846436,15.938299179077148,92.15328874,0.35220126,0.03983229
Matt Moore,P,L,2016,27.0,198.1,33.0,4.084033089769752,4.170089663365561,1.2907561370136502,178.0,0.2124105,0.08591885,1.980690062046051,15.845520496368408,92.79353862,0.3161512,0.06357388
Archie Bradley,P,R,2016,23.0,141.2,26.0,5.018823349220784,4.099501525100129,1.5599999439912704,143.0,0.22413793,0.10501567,1.9669380187988281,15.735504150390625,92.42808414,0.37028302,0.05188679
Ian Kennedy,P,R,2016,31.0,195.2,33.0,3.6797276189035353,4.669558758444759,1.2214651401638124,184.0,0.22493888,0.0806846,1.95789635181427,15.66317081451416,92.1677102,0.38738739,0.07747748
Kendall Graveman,P,R,2016,25.0,186.0,31.0,4.112903225806452,4.393872210800007,1.3064516129032258,108.0,0.13740458,0.05979644,1.9350212812423706,15.480170249938965,92.74627721,0.38621795,0.05448718
Jake Odorizzi,P,R,2016,26.0,187.2,33.0,3.692717484287039,4.313523051037623,1.1936056514867197,166.0,0.21474774,0.0698577,1.8472131490707397,14.777705192565918,91.60121457,0.35883424,0.08378871
Drew Smyly,P,L,2016,27.0,175.1,30.0,4.876425572591828,4.486864487590479,1.271863044079506,167.0,0.22628726,0.06639566,1.8149776458740234,14.519821166992188,90.18064911,0.31346154,0.06730769
Wade Miley,P,L,2016,29.0,166.0,30.0,5.367469879518072,4.447765202120126,1.4216867469879517,137.0,0.19268636,0.06891702,1.7558313012123108,14.046650409698486,90.25071633,0.37379576,0.06743738
Edinson Volquez,P,R,2016,32.0,189.1,34.0,5.371478584639934,4.57261664425185,1.5475351281214362,139.0,0.16295428,0.0890973,1.7331308126449585,13.865046501159668,93.23550088,0.35499208,0.06339144
Ubaldo Jiménez,P,R,2016,32.0,142.1,25.0,5.437939231522787,4.432274697272824,1.5597190043902565,125.0,0.19592476,0.11285266,1.6761141419410706,13.408913135528564,89.91826581,0.32420091,0.05022831
Yordano Ventura,P,R,2016,25.0,186.0,32.0,4.45161326842058,4.5927970606269986,1.4408603332569025,144.0,0.17647059,0.09558824,1.6094242334365845,12.875393867492676,96.09143519,0.38395904,0.07849829
Adam Conley,P,L,2016,26.0,133.1,25.0,3.8474997064590677,4.196560302734381,1.40249989299775,124.0,0.21232877,0.10616438,1.5575696229934692,12.460556983947754,91.04049417,0.31524548,0.0620155
Mike Fiers,P,R,2016,31.0,168.2,30.0,4.482213709063848,4.433121725259492,1.3577075917666948,134.0,0.18508287,0.05801105,1.5347297713160515,12.277838170528412,89.56770833,0.39371534,0.06099815
Kyle Gibson,P,R,2016,28.0,147.1,25.0,5.070135396542414,4.700858918061509,1.5610858650666066,104.0,0.15926493,0.08422665,1.3190171718597412,10.55213737487793,90.95848507,0.33469388,0.06122449
Jason Hammel,P,R,2016,33.0,166.2,30.0,3.833999882995609,4.484560342010499,1.2059999631958018,144.0,0.20809249,0.0765896,1.2877318859100342,10.301855087280273,92.08382353,0.37242798,0.07201646
Tyler Duffey,P,R,2016,25.0,133.0,26.0,6.428571428571429,4.733026548256552,1.4962406015037595,114.0,0.19127517,0.05369128,1.2510918378829956,10.008734703063965,90.3987034,0.43018018,0.09459459
Dan Straily,P,R,2016,27.0,191.1,31.0,3.7630659645085442,4.876525430415695,1.1864110749214438,162.0,0.20454545,0.09217172,1.2321413476020098,9.857130780816078,89.26890756,0.34981685,0.07509158
Félix Hernández,P,R,2016,30.0,153.1,25.0,3.8152171381930717,4.633516805933651,1.3239129556464846,122.0,0.18625954,0.09923664,1.1157463788986206,8.925971031188965,90.47619048,0.34279476,0.05895197
Tom Koehler,P,R,2016,30.0,176.2,33.0,4.330188554578426,4.59561694489802,1.466037693641585,147.0,0.18992248,0.10723514,1.1140594482421875,8.9124755859375,91.91438596,0.33395176,0.06679035
Jaime García,P,L,2016,29.0,171.2,30.0,4.666019279227565,4.486366168389011,1.3747572408211053,150.0,0.20242915,0.07692308,1.0852731764316559,8.682185411453247,90.51522685,0.35294118,0.056926
Josh Tomlin,P,R,2016,31.0,174.0,29.0,4.3965513385859225,4.876445288613427,1.1896550680879554,118.0,0.16275862,0.02758621,0.9816981554031372,7.853585243225098,87.72424242,0.32191781,0.07191781
Aníbal Sánchez,P,R,2016,32.0,153.1,26.0,5.8695654485987445,5.063951762718608,1.460869622762354,135.0,0.20209581,0.07934132,0.9520259201526642,7.6162073612213135,91.078125,0.35157895,0.06105263
Scott Kazmir,P,L,2016,32.0,136.1,26.0,4.555011885066183,4.4815236084179695,1.3569681139086054,134.0,0.22711864,0.08813559,0.9498778581619263,7.59902286529541,91.38829787,0.31234257,0.05289673
R.A. Dickey,P,R,2016,41.0,169.2,29.0,4.455795820506495,5.0267176139826635,1.3673870771924692,126.0,0.17307692,0.08653846,0.8086464270018041,6.469171416014433,82.32826748,0.35459662,0.07129456
Doug Fister,P,R,2016,32.0,180.1,32.0,4.641404544095331,4.749148092811417,1.425138551771207,115.0,0.14762516,0.07958922,0.7774688601493835,6.219750881195068,86.98477157,0.35798319,0.04537815
Héctor Santiago,P,L,2016,28.0,182.0,33.0,4.69780259166362,5.305901223221735,1.3626374768802079,144.0,0.18343949,0.10063694,0.7771845683455467,6.217476546764374,91.36894658,0.39317774,0.09335727
Taijuan Walker,P,R,2016,23.0,134.1,25.0,4.220844311711891,4.992714508600599,1.2357321970796717,119.0,0.20767888,0.06457243,0.7383901476860046,5.907121181488037,93.94092527,0.36674817,0.09046455
Brandon Finnegan,P,L,2016,23.0,172.0,31.0,3.9767445388389886,5.187258238299867,1.3604652369712331,145.0,0.19754768,0.11444142,0.6779301762580872,5.423441410064697,91.70466596,0.35528942,0.07984032
Jimmy Nelson,P,R,2016,27.0,179.1,32.0,4.6171005026977,5.120538133996382,1.5167286675528677,140.0,0.17348203,0.10656753,0.5454004406929016,4.363203525543213,93.12024715,0.34751773,0.05496454
Matt Wisler,P,R,2016,23.0,156.2,26.0,4.997871691391746,4.850815480673919,1.327659402055534,115.0,0.17138599,0.07302534,0.46673593297600746,3.7338874638080597,92.82684284,0.36779324,0.06361829
Francisco Liriano,P,L,2016,32.0,163.0,29.0,4.693251533742331,4.888891671186576,1.4846625766871167,168.0,0.22982216,0.11627907,0.456494577229023,3.651956617832184,92.75140449,0.3326226,0.06396588
Chase Anderson,P,R,2016,28.0,151.2,30.0,4.391208643946095,5.091615262668991,1.3714285254366185,120.0,0.18547141,0.08191654,0.42132025957107544,3.3705620765686035,91.10723861,0.30212766,0.08723404
Andrew Cashner,P,R,2016,29.0,132.0,27.0,5.249999811534184,4.843530018894471,1.5303029753678286,112.0,0.19047619,0.10204082,0.38288507983088493,3.0630806386470795,93.54503916,0.40831296,0.07823961
Jered Weaver,P,R,2016,33.0,178.0,31.0,5.056179775280899,5.618470495202568,1.4606741573033708,103.0,0.13428944,0.06649283,0.11299213021993637,0.903937041759491,82.99345336,0.32019704,0.07389163
James Shields,P,R,2016,34.0,181.2,33.0,5.84587115045452,6.0089455035928765,1.5963301634951135,135.0,0.16423358,0.09975669,-1.010658085346222,-8.085264682769775,90.39766934,0.33165829,0.08375209
Chris Sale,P,L,2017,28.0,214.1,32.0,2.8973562118353766,2.453129568630708,0.970451033915875,308.0,0.36192714,0.05052879,7.621091842651367,60.96873474121094,94.35192878,0.30691057,0.06097561
Corey Kluber,P,R,2017,31.0,203.2,29.0,2.2536826002895824,2.4997018544779106,0.8690671465168978,265.0,0.34105534,0.04633205,7.21213960647583,57.69711685180664,92.628,0.29087049,0.05307856
Max Scherzer,P,R,2017,32.0,200.2,31.0,2.511627843314951,2.898503488157563,0.9019933326190598,268.0,0.34358974,0.07051282,6.431716442108154,51.453731536865234,94.09024552,0.29372197,0.05605381
Stephen Strasburg,P,R,2017,28.0,175.1,28.0,2.515208979547364,2.718476221594486,1.015209066574673,204.0,0.29101284,0.06704708,5.896215915679932,47.16972732543945,95.60303688,0.31151242,0.06094808
Luis Severino,P,R,2017,23.0,193.1,31.0,2.9793104232080507,3.074881071346977,1.0396551997653094,230.0,0.29374202,0.0651341,5.5976128578186035,44.78090286254883,97.58380772,0.33467742,0.06048387
Carlos Carrasco,P,R,2017,30.0,200.0,32.0,3.285,3.102639694213867,1.095,226.0,0.28320802,0.05764411,5.3746161460876465,42.99692916870117,94.25273224,0.34302326,0.07364341
Zack Greinke,P,R,2017,33.0,202.1,32.0,3.2026357533168257,3.305909867978535,1.0724875902310975,215.0,0.26841448,0.05617978,4.857717514038086,38.86174011230469,90.95729304,0.31792976,0.07393715
Jimmy Nelson,P,R,2017,28.0,175.1,29.0,3.49049409406573,3.0492746814896043,1.2490493571901875,199.0,0.27335165,0.06593407,4.815720081329346,38.525760650634766,93.89317507,0.31567797,0.04025424
Aaron Nola,P,R,2017,24.0,168.0,27.0,3.535714606849544,3.2707349425811083,1.2083334430815782,184.0,0.26551227,0.07070707,4.546579360961914,36.37263488769531,91.98245614,0.31004367,0.05021834
Chris Archer,P,R,2017,28.0,201.0,34.0,4.07462655634892,3.3964456462343176,1.258706372107786,249.0,0.29225352,0.07042254,4.4855780601501465,35.88462448120117,95.49381188,0.39776952,0.05947955
Clayton Kershaw,P,L,2017,29.0,175.0,27.0,2.3142859160754323,3.0719254010258883,0.9485715112803006,202.0,0.29749632,0.04418262,4.347234725952148,34.77787780761719,92.73935708,0.26621924,0.06263982
Justin Verlander,P,R,2017,34.0,206.0,33.0,3.3640776699029127,3.842105713631343,1.174757281553398,219.0,0.25795053,0.08480565,4.146909713745117,33.17527770996094,95.24464981,0.35920578,0.07220217
Jacob deGrom,P,R,2017,29.0,201.1,31.0,3.5314567752127353,3.5003549086859898,1.1870860327367703,239.0,0.28899637,0.0713422,4.144550323486328,33.156402587890625,95.17388826,0.28842505,0.05882353
Jose Quintana,P,L,2017,28.0,188.2,32.0,4.150176734387519,3.677074330190849,1.2243816419457432,207.0,0.26202532,0.07721519,4.032201528549194,32.257612228393555,92.08835341,0.35546875,0.05859375
Gio Gonzalez,P,L,2017,31.0,201.0,32.0,2.955223880597015,3.9287839728208325,1.1791044776119404,188.0,0.22732769,0.095526,3.7918834686279297,30.335067749023438,89.8528639,0.27848101,0.04882459
Jeff Samardzija,P,R,2017,32.0,207.2,32.0,4.420545962928341,3.610288191507184,1.1364366527789636,205.0,0.2420307,0.0377804,3.770524501800537,30.164196014404297,94.29319372,0.33940397,0.06291391
Yu Darvish,P,R,2017,30.0,186.2,31.0,3.8571433038128182,3.8272826289035926,1.1625001346213633,209.0,0.27284595,0.07571802,3.67400324344635,29.3920259475708,94.16666667,0.31440162,0.06288032
Michael Fulmer,P,R,2017,24.0,164.2,25.0,3.8259108129984494,3.6738340102533407,1.1538461182058815,114.0,0.16863905,0.0591716,3.6356871128082275,29.08549690246582,95.84914676,0.29182879,0.04863813
Zack Godley,P,R,2017,27.0,155.0,25.0,3.367741642802142,3.4092525755726477,1.1419353846283125,165.0,0.26315789,0.08452951,3.4513787366449833,27.611029893159866,91.89924433,0.38861386,0.06435644
Marcus Stroman,P,R,2017,26.0,201.0,33.0,3.0895520042645654,3.8989331702773464,1.3084576121120464,164.0,0.19664269,0.07434053,3.401106595993042,27.208852767944336,93.34992304,0.38372093,0.04983389
Gerrit Cole,P,R,2017,26.0,203.0,33.0,4.25615763546798,4.083748068598104,1.251231527093596,196.0,0.23085984,0.0647821,3.3856942653656006,27.085554122924805,95.98828921,0.34175084,0.07575758
Robbie Ray,P,L,2017,25.0,162.0,28.0,2.8888886167843086,3.719368036366372,1.1543208789287729,218.0,0.32781955,0.10676692,3.2946999073028564,26.35759925842285,94.32605985,0.42318059,0.06199461
Carlos Martinez,P,R,2017,25.0,205.0,32.0,3.6439027102514285,3.9088592623246035,1.2195122858940524,217.0,0.25291375,0.08275058,3.1924617290496826,25.53969383239746,95.64869467,0.33096085,0.0480427
Jameson Taillon,P,R,2017,25.0,133.2,25.0,4.44389061251067,3.479335479294606,1.4812968708368903,125.0,0.21294719,0.07836457,3.171323537826538,25.370588302612305,95.25554808,0.3131068,0.04126214
Chase Anderson,P,R,2017,29.0,141.1,25.0,2.738207645711634,3.582168011378462,1.0896226807224592,133.0,0.23374341,0.07205624,3.1612682342529297,25.290145874023438,93.14237574,0.26804124,0.04381443
Alex Wood,P,L,2017,26.0,152.1,25.0,2.7177240733275743,3.321753466757803,1.0568926951829456,151.0,0.24592834,0.06188925,3.1474435329437256,25.179548263549805,91.82073814,0.27923628,0.05011933
Michael Wacha,P,R,2017,25.0,165.2,30.0,4.128772509054188,3.634500846575389,1.3581488516625617,158.0,0.2253923,0.07845934,3.127042293548584,25.016338348388672,95.07735584,0.29896907,0.0556701
Charlie Morton,P,R,2017,33.0,146.2,25.0,3.6204544199005677,3.4644578653918816,1.1931817768033885,163.0,0.26418152,0.08103728,3.1020123958587646,24.816099166870117,94.9601251,0.30179028,0.04603581
Patrick Corbin,P,L,2017,27.0,189.2,32.0,4.033391518480955,4.075038549397771,1.41827754048546,178.0,0.21549637,0.07384988,3.0359011804684997,24.287209443747997,92.41884498,0.35445205,0.06678082
Drew Pomeranz,P,L,2017,28.0,173.2,32.0,3.316699142119123,3.8371023656896597,1.3531671847187394,174.0,0.23513514,0.09324324,2.9612205028533936,23.68976402282715,91.34583333,0.35294118,0.06693712
Mike Leake,P,R,2017,29.0,186.0,31.0,3.919354677944607,3.8995751476519405,1.2795698399874025,130.0,0.16624041,0.04731458,2.924115300178528,23.392922401428223,90.09355346,0.35478548,0.05115512
J.A. Happ,P,L,2017,34.0,145.1,25.0,3.5298162666939366,3.763144238987876,1.3142200914981323,142.0,0.22683706,0.07348243,2.865201950073242,22.921615600585938,91.83304647,0.31506849,0.043379
Jon Lester,P,L,2017,33.0,180.2,32.0,4.333948217470845,4.098599077317371,1.3228781915396324,180.0,0.23591088,0.07863696,2.859462022781372,22.875696182250977,91.13345984,0.29672447,0.0539499
Trevor Bauer,P,R,2017,26.0,176.1,31.0,4.185255456436642,3.8835376595578914,1.3667297628742965,196.0,0.26168224,0.08010681,2.8120781034231186,22.49662482738495,94.00645995,0.39344262,0.07786885
Dylan Bundy,P,R,2017,24.0,169.2,28.0,4.243615185667697,4.383572970073425,1.196463725959087,152.0,0.21776504,0.0730659,2.7781896591186523,22.22551727294922,92.20092531,0.36680328,0.07786885
Tanner Roark,P,R,2017,30.0,181.1,30.0,4.6654409147464015,4.1337425806324415,1.3345587486626822,166.0,0.21391753,0.08247423,2.754839625384193,22.038717003073543,92.24181919,0.33148148,0.0537037
Sonny Gray,P,R,2017,27.0,162.1,27.0,3.5482543977738588,3.9030195243017785,1.2073921214647159,153.0,0.22566372,0.0840708,2.745900332927704,21.96720266342163,92.95163488,0.38709677,0.06236559
José Berríos,P,R,2017,23.0,145.2,25.0,3.8924487366301745,3.8441385895631046,1.2288330226751345,139.0,0.22564935,0.07792208,2.721175692975521,21.76940554380417,93.45839018,0.29567308,0.05048077
Ervin Santana,P,R,2017,34.0,211.1,33.0,3.2791796528823007,4.463633322201624,1.1261829110908912,167.0,0.19328704,0.07060185,2.71498703956604,21.71989631652832,92.86497642,0.30095541,0.0589172
Zach Davies,P,R,2017,24.0,191.1,33.0,3.9041809770973033,4.223841728119957,1.3536584646160663,124.0,0.15177479,0.06731946,2.6844353675842285,21.475482940673828,89.71091114,0.3100159,0.03974563
Masahiro Tanaka,P,R,2017,28.0,178.1,30.0,4.743924963040933,4.340817196816275,1.23925226575892,194.0,0.25797872,0.05452128,2.596226215362549,20.76980972290039,92.24066924,0.36078431,0.08627451
Marco Estrada,P,R,2017,33.0,186.0,33.0,4.983870558882637,4.60925247835444,1.3817203167560277,176.0,0.21836228,0.08808933,2.587109327316284,20.696874618530273,89.8673938,0.30341113,0.07001795
Kevin Gausman,P,R,2017,26.0,186.2,34.0,4.67678558685342,4.480853943873425,1.4946428164170724,179.0,0.21936275,0.0870098,2.5610873699188232,20.488698959350586,95.01437181,0.33511586,0.08199643
Jordan Montgomery,P,L,2017,24.0,155.1,29.0,3.8819739947029084,4.065364956656836,1.2296136533801916,144.0,0.22187982,0.07858243,2.5547451972961426,20.43796157836914,91.95536562,0.31567329,0.06181015
Jake Arrieta,P,R,2017,31.0,168.1,30.0,3.5287126580440313,4.155659435882887,1.2178217085842196,163.0,0.23055163,0.07779349,2.521620035171509,20.17296028137207,92.09367816,0.33611691,0.05636743
Trevor Williams,P,R,2017,25.0,150.1,25.0,4.070952903089756,4.029036475757589,1.3104211142298725,117.0,0.18224299,0.08099688,2.514891318976879,20.119130551815033,92.12810156,0.29310345,0.05172414
Taijuan Walker,P,R,2017,24.0,157.1,28.0,3.489406554050345,4.041114213363226,1.3283897446202588,146.0,0.21345029,0.08918129,2.4586527347564697,19.669221878051758,93.75709001,0.35042735,0.05128205
Germán Márquez,P,R,2017,22.0,162.0,29.0,4.388888475499238,4.4045531570139325,1.3765430802198735,147.0,0.20970043,0.06990014,2.440741539001465,19.52593231201172,94.95627158,0.36217304,0.07042254
Jhoulys Chacín,P,R,2017,29.0,180.1,32.0,3.8927915667229973,4.261151833498592,1.2698707532472455,153.0,0.2,0.09411765,2.329249620437622,18.633996963500977,91.42585551,0.2851711,0.05703422
Jason Hammel,P,R,2017,34.0,180.1,32.0,5.29020347638096,4.372057473383081,1.4251386723583925,145.0,0.18034826,0.05970149,2.3009536266326904,18.407629013061523,92.11413404,0.3372093,0.07142857
Rich Hill,P,L,2017,37.0,135.2,25.0,3.3169531925978153,3.717836233408165,1.0909090500099483,166.0,0.30072464,0.08876812,2.2874927520751953,18.299942016601562,89.01739851,0.28963415,0.07012195
Alex Cobb,P,R,2017,29.0,179.1,29.0,3.6635688771405666,4.161357194800324,1.2211896257135222,128.0,0.17250674,0.05929919,2.238739013671875,17.909912109375,91.65416098,0.35106383,0.06028369
Andrew Cashner,P,R,2017,30.0,166.2,28.0,3.4019998961792024,4.609639649902345,1.3199999597167982,86.0,0.12215909,0.09090909,2.2287871837615967,17.830297470092773,93.39452214,0.32293578,0.03853211
Martín Pérez,P,L,2017,26.0,185.0,32.0,4.816216216216216,4.649531586105759,1.5351351351351352,115.0,0.14180025,0.07768187,2.220926284790039,17.767410278320312,93.09301046,0.32535885,0.05422648
Iván Nova,P,R,2017,30.0,187.0,31.0,4.139037770891466,4.462452634908335,1.2780749705982695,131.0,0.16687898,0.04585987,2.2205238342285156,17.764190673828125,92.79317932,0.35679214,0.06546645
Sean Manaea,P,L,2017,25.0,158.2,29.0,4.367646918813019,4.096715294362698,1.3991596190136943,140.0,0.20231214,0.07947977,2.2001640796661377,17.6013126373291,91.61033163,0.41273101,0.05749487
Chad Kuhl,P,R,2017,24.0,157.1,31.0,4.347457767663011,4.2445041361296205,1.4682203864475958,142.0,0.20882353,0.10588235,2.1892714500427246,17.514171600341797,95.52989449,0.38478261,0.05652174
Clayton Richard,P,L,2017,33.0,197.1,32.0,4.788851104486254,4.22689639585048,1.5152026245940633,151.0,0.17599068,0.06876457,2.176915168762207,17.415321350097656,90.7024952,0.334375,0.04375
Josh Tomlin,P,R,2017,32.0,141.0,26.0,4.978722865466085,4.115086399111192,1.2765956065297654,109.0,0.18632479,0.02393162,2.0580217838287354,16.464174270629883,87.68010753,0.36244541,0.069869
Matthew Boyd,P,L,2017,26.0,135.0,25.0,5.266667192188362,4.505787976883743,1.555555710772934,110.0,0.18181818,0.08760331,2.055099662276916,16.44079729821533,92.03647159,0.30068337,0.05922551
Kyle Freeland,P,L,2017,24.0,156.0,28.0,4.096154146645923,4.567896207926079,1.487179596278332,107.0,0.15552326,0.09156977,2.0313612669706345,16.250890135765076,91.97426471,0.33333333,0.04313725
Rick Porcello,P,R,2017,28.0,203.1,33.0,4.647541448628555,4.603541478231641,1.3967214512280526,181.0,0.20451977,0.05423729,2.0199403762817383,16.159523010253906,91.10494753,0.35692308,0.08
Dan Straily,P,R,2017,28.0,181.2,33.0,4.260550697287503,4.577823259976368,1.2990826415501946,170.0,0.22106632,0.07802341,2.0006227493286133,16.004981994628906,90.31487444,0.29400749,0.06928839
Jaime García,P,L,2017,30.0,157.0,27.0,4.414012470730553,4.246811602575952,1.407643226596612,129.0,0.19167905,0.09509658,1.9471306502819061,15.577045202255249,90.74711081,0.36951983,0.05427975
Mike Foltynewicz,P,R,2017,25.0,154.0,28.0,4.7922082670343835,4.332964485993303,1.4805196272138745,143.0,0.2066474,0.08526012,1.809152543079108,14.473220344632864,95.27256532,0.33125,0.05416667
Jason Vargas,P,L,2017,34.0,179.2,32.0,4.157698972605183,4.671554179553372,1.3302410367505204,134.0,0.17724868,0.07671958,1.791463017463684,14.331704139709473,85.58309038,0.3273703,0.05545617
CC Sabathia,P,L,2017,36.0,148.2,27.0,3.6928253647894316,4.489478350367433,1.2713005354193125,120.0,0.19261637,0.08025682,1.7517143487930298,14.013714790344238,90.8850365,0.29017857,0.04017857
Kenta Maeda,P,R,2017,29.0,134.1,25.0,4.220843832270386,4.073272483224904,1.1538461975342327,140.0,0.2513465,0.06104129,1.7436281740665436,13.949025392532349,91.53382664,0.29365079,0.04761905
Luis Perdomo,P,R,2017,24.0,163.2,29.0,4.674134710067762,4.404075616898604,1.5091650632506368,118.0,0.16480447,0.09078212,1.6961098909378052,13.568879127502441,94.236875,0.36380952,0.04952381
R.A. Dickey,P,R,2017,42.0,190.0,31.0,4.2631578947368425,4.72079758895071,1.368421052631579,136.0,0.16687117,0.08220859,1.5414997339248657,12.331997871398926,83.37307692,0.29900332,0.04318937
Miguel González,P,R,2017,33.0,156.0,27.0,4.615384107510775,4.8819984788255315,1.423076766482489,100.0,0.14619883,0.08040936,1.4749035984277725,11.79922878742218,91.02460317,0.35755258,0.06692161
Nick Pivetta,P,R,2017,24.0,133.0,26.0,6.022555700023255,4.871925211823483,1.5112780221032138,140.0,0.23972603,0.09760274,1.260787844657898,10.086302757263184,94.40410959,0.37336815,0.07310705
Lance Lynn,P,R,2017,30.0,186.1,33.0,3.429338197365918,4.815958165240579,1.2289803555505403,153.0,0.19716495,0.10051546,1.2192163467407227,9.753730773925781,91.80784314,0.27850467,0.05794393
Jordan Zimmermann,P,R,2017,31.0,160.0,29.0,6.074999420642908,5.182639501094837,1.549999852180495,103.0,0.14446003,0.06171108,1.1826425790786743,9.461140632629395,92.22644163,0.35599284,0.07692308
Johnny Cueto,P,R,2017,31.0,147.1,25.0,4.520361678845044,4.494743674292657,1.44570125764864,136.0,0.20987654,0.08179012,1.174033522605896,9.392268180847168,91.28803089,0.33481153,0.07317073
Tyler Chatwood,P,R,2017,27.0,147.2,25.0,4.693002944335335,4.938678329654262,1.4424381344060988,120.0,0.19017433,0.12202853,1.0730100497603416,8.584080398082733,94.67690339,0.32093023,0.05581395
Julio Teheran,P,R,2017,26.0,188.1,32.0,4.4920358834904635,4.952330153575305,1.3699116524119854,151.0,0.18596059,0.08866995,1.0012568235397339,8.010054588317871,91.39273094,0.30584192,0.06357388
Kyle Gibson,P,R,2017,29.0,158.0,29.0,5.069619763567983,4.853842062049347,1.5316454217021873,121.0,0.17460317,0.08658009,1.000927448272705,8.00741958618164,92.01124339,0.38142292,0.06916996
Matt Moore,P,L,2017,28.0,174.1,31.0,5.523901218264195,4.746550013486123,1.531548935905026,148.0,0.18734177,0.08481013,0.9649312980473042,7.719450384378433,91.96635262,0.40140845,0.08978873
Wade Miley,P,L,2017,30.0,157.1,32.0,5.605931840933342,5.267809049304422,1.728813447544069,142.0,0.19505495,0.12774725,0.8512579798698425,6.81006383895874,90.99631223,0.3599182,0.06339468
Ricky Nolasco,P,R,2017,34.0,181.0,33.0,4.922651518708833,5.102390911481554,1.4530385515380733,143.0,0.18170267,0.07369759,0.6138995885848999,4.911196708679199,90.93244147,0.40137221,0.08404803
John Lackey,P,R,2017,38.0,170.2,30.0,4.587890898459607,5.296311696688653,1.277343826135625,149.0,0.20383037,0.07250342,0.5667180977761745,4.533744782209396,90.9371547,0.36363636,0.06769826
Bartolo Colon,P,R,2017,44.0,143.0,28.0,6.4825174825174825,5.213583750157923,1.5874125874125875,89.0,0.13734568,0.05401235,0.3660719394683838,2.9285755157470703,87.82184517,0.37284895,0.07265774
Jeremy Hellickson,P,R,2017,30.0,164.0,30.0,5.43292695564007,5.767395852478682,1.2621951513103196,96.0,0.1381295,0.0676259,0.3003052622079849,2.4024420976638794,90.1512605,0.34375,0.06433824
José Ureña,P,R,2017,25.0,169.2,28.0,3.8192536241658672,5.1969325244011975,1.2730845413886223,113.0,0.15607735,0.08839779,0.17843863740563393,1.4275090992450714,95.48735349,0.30769231,0.08630394
Ubaldo Jiménez,P,R,2017,33.0,142.2,25.0,6.813084324683387,5.540817338650443,1.5911215449620666,139.0,0.21450617,0.08950617,0.10816319286823273,0.8653055429458618,90.5362117,0.39461883,0.07847534
Jake Odorizzi,P,R,2017,27.0,143.1,28.0,4.144185752394157,5.425081393756125,1.2418603769800673,127.0,0.2102649,0.10099338,0.03252755105495453,0.26022040843963623,91.55808477,0.35507246,0.0821256
Aríel Miranda,P,L,2017,28.0,160.0,29.0,5.11875,5.726389694213868,1.26875,137.0,0.2020649,0.09292035,0.0072677358984947205,0.058141887187957764,92.05609915,0.34249471,0.09513742
Mike Fiers,P,R,2017,32.0,153.1,28.0,5.223913216762152,5.433726726236328,1.428260916942461,146.0,0.21758569,0.0923994,-0.02962256781756878,-0.23698054254055023,89.66269841,0.32888889,0.08
Ian Kennedy,P,R,2017,32.0,154.0,30.0,5.376622843891209,5.612184905555506,1.3246751934224716,131.0,0.2,0.09312977,-0.06074988469481468,-0.48599907755851746,91.90092308,0.3580786,0.10917031
Derek Holland,P,L,2017,30.0,135.0,26.0,6.199999129507399,6.446528121336072,1.7111108708676335,104.0,0.16613419,0.11980831,-0.9219840839505196,-7.3758726716041565,91.05539143,0.39635535,0.08200456
Jacob deGrom,P,R,2018,30.0,217.0,32.0,1.7004608294930876,1.9853163684018753,0.9124423963133641,269.0,0.32215569,0.05508982,9.040757179260254,72.32605743408203,95.98623579,0.28932039,0.0407767
Max Scherzer,P,R,2018,33.0,220.2,33.0,2.5287010229151528,2.6528786822868007,0.9108761749210496,300.0,0.34642032,0.05889145,7.474438190460205,59.79550552368164,94.40607102,0.31610338,0.06560636
Justin Verlander,P,R,2018,35.0,214.0,34.0,2.5233643060584874,2.7819269298663736,0.9018690945727558,290.0,0.34813926,0.04441777,6.576925277709961,52.61540222167969,95.08548233,0.32730924,0.062249
Chris Sale,P,L,2018,29.0,158.0,27.0,2.107594936708861,1.9768872719776782,0.8607594936708861,237.0,0.38411669,0.05510535,6.198293685913086,49.58634948730469,94.68404423,0.26807229,0.0753012
Gerrit Cole,P,R,2018,27.0,200.1,32.0,2.8752078406915476,2.7011969901091355,1.033277817748525,276.0,0.34543179,0.08010013,5.905994415283203,47.247955322265625,96.55258856,0.39823009,0.0619469
Trevor Bauer,P,R,2018,27.0,175.1,27.0,2.2072242065415644,2.436097017039284,1.0893535489649582,221.0,0.30822873,0.07949791,5.825963892042637,46.607711136341095,94.54908486,0.29069767,0.04418605
Patrick Corbin,P,L,2018,28.0,200.0,33.0,3.150000240325946,2.47043152313232,1.0500000801086486,246.0,0.3075,0.06,5.760283946990967,46.082271575927734,90.81430446,0.35528942,0.05788423
Aaron Nola,P,R,2018,25.0,212.1,33.0,2.373626259910008,3.009725146574511,0.9748822138916104,224.0,0.26955475,0.06979543,5.48646879196167,43.89175033569336,92.42148241,0.31180812,0.04612546
Corey Kluber,P,R,2018,32.0,215.0,33.0,2.8883720930232557,3.1232222734495654,0.9906976744186047,222.0,0.26365796,0.04038005,5.46293830871582,43.70350646972656,91.98406677,0.33276158,0.06346484
Luis Severino,P,R,2018,24.0,191.1,32.0,3.386759401819347,2.9513723534406187,1.1445992422815388,220.0,0.28205128,0.05897436,5.389171600341797,43.113372802734375,97.63710692,0.34577603,0.07662083
Carlos Carrasco,P,R,2018,31.0,192.0,30.0,3.3749999664723878,2.9416815779482324,1.124999988824129,231.0,0.29464286,0.05484694,5.202999904751778,41.62399923801422,93.4762634,0.37698413,0.05952381
Blake Snell,P,L,2018,25.0,180.2,31.0,1.892989036474983,2.9445644049490522,0.9741697965485293,221.0,0.31571429,0.09142857,4.744420528411865,37.95536422729492,95.82689747,0.32608696,0.07246377
Miles Mikolas,P,R,2018,29.0,200.2,32.0,2.82558110887079,3.2800328925527467,1.0714284627993296,146.0,0.18069307,0.03589109,4.253452301025391,34.027618408203125,93.91071429,0.29392971,0.05111821
Zack Wheeler,P,R,2018,28.0,182.1,29.0,3.3071296143956372,3.2481829419945996,1.1243143796867423,179.0,0.2405914,0.07392473,4.209418773651123,33.675350189208984,95.88365155,0.26946108,0.04790419
Mike Clevinger,P,R,2018,27.0,200.0,32.0,3.0149997699737723,3.5204315483093285,1.1549999118804999,207.0,0.25555556,0.08271605,4.17940092086792,33.43520736694336,93.64637681,0.31766917,0.05639098
Noah Syndergaard,P,R,2018,25.0,154.1,25.0,3.0323975081440904,2.8040600737496657,1.2116631068866344,155.0,0.24068323,0.06055901,4.165504455566406,33.32403564453125,97.44624903,0.26636569,0.02031603
Germán Márquez,P,R,2018,23.0,196.0,33.0,3.7653058293162887,3.4002274754741517,1.204081538914152,230.0,0.28151775,0.06976744,4.089283466339111,32.71426773071289,95.20303384,0.38888889,0.05555556
Kyle Freeland,P,L,2018,25.0,202.1,33.0,2.8467877656575555,3.669492582481272,1.2454696474751805,173.0,0.2049763,0.08293839,4.071618556976318,32.57294845581055,91.57134469,0.29243697,0.05042017
Jameson Taillon,P,R,2018,26.0,191.0,32.0,3.204188225696166,3.4640964729816455,1.1780103770941788,179.0,0.22802548,0.05859873,3.881178379058838,31.049427032470703,95.24058824,0.31768953,0.0433213
Mike Foltynewicz,P,R,2018,26.0,183.0,31.0,2.8524587785515476,3.3735463121037106,1.0819671228988628,202.0,0.27150538,0.09139785,3.826817035675049,30.61453628540039,96.44859813,0.34401709,0.06837607
James Paxton,P,L,2018,29.0,160.1,28.0,3.7609145222993705,3.2352756458706566,1.097713028067478,208.0,0.32248062,0.06511628,3.7051217555999756,29.640974044799805,95.3922752,0.4213198,0.09390863
Marco Gonzales,P,L,2018,26.0,166.2,29.0,3.9960002438964994,3.43043159225464,1.2240000747070359,145.0,0.21137026,0.04664723,3.482011079788208,27.856088638305664,90.11827957,0.3499006,0.05367793
Kyle Hendricks,P,R,2018,28.0,199.0,33.0,3.437185666094015,3.77852198064293,1.1457285553646717,161.0,0.19827586,0.05418719,3.39729642868042,27.17837142944336,86.87951168,0.30769231,0.05685619
Clayton Kershaw,P,L,2018,30.0,161.1,26.0,2.7334709020270416,3.185224962641605,1.041322248391254,155.0,0.23846154,0.04461538,3.355004072189331,26.84003257751465,90.86618257,0.34698276,0.05387931
Dallas Keuchel,P,L,2018,30.0,204.2,34.0,3.7377849233972773,3.688118859078292,1.3143322148939447,153.0,0.17505721,0.06636156,3.1890246868133545,25.512197494506836,89.30546075,0.33131619,0.04538578
José Berríos,P,R,2018,24.0,192.1,32.0,3.8370884896868698,3.9039324619881857,1.1438475172508284,202.0,0.25345044,0.07653701,3.075144052505493,24.601152420043945,93.20526894,0.33013436,0.05950096
J.A. Happ,P,L,2018,35.0,177.2,31.0,3.647279523614883,3.97656665436181,1.1313320744546165,193.0,0.2633015,0.06957708,2.9723049998283386,23.77843999862671,91.95712372,0.33958333,0.0875
Andrew Heaney,P,L,2018,27.0,180.0,30.0,4.150000351799889,3.993764979751028,1.200000101725269,180.0,0.24032043,0.06008011,2.896528482437134,23.17222785949707,91.97191011,0.37209302,0.07751938
Nick Pivetta,P,R,2018,25.0,164.0,32.0,4.774389799686544,3.794577858236706,1.3048779273728228,188.0,0.27089337,0.07348703,2.841741334996186,22.73393067996949,94.82598331,0.34444444,0.07777778
Charlie Morton,P,R,2018,34.0,167.0,30.0,3.125748217394415,3.5915692609329968,1.1616765405642078,201.0,0.28920863,0.09208633,2.8359439373016357,22.687551498413086,95.68306709,0.30917874,0.05797101
Lance Lynn,P,R,2018,31.0,156.2,29.0,4.768084661337884,3.8370272573036823,1.5255317725030177,161.0,0.23,0.10857143,2.75846204161644,22.06769633293152,93.16644766,0.36980306,0.04157549
Zack Greinke,P,R,2018,34.0,207.2,33.0,3.2070625217722464,3.7045728144542216,1.0786516589744493,199.0,0.23718713,0.05125149,2.7184059619903564,21.74724769592285,89.62635956,0.33502538,0.0642978
Trevor Williams,P,R,2018,26.0,170.2,31.0,3.111328032275199,3.8635565548203896,1.1777343399007816,126.0,0.17974322,0.07845934,2.7151851654052734,21.721481323242188,90.46965699,0.31007752,0.05813953
Vince Velasquez,P,R,2018,26.0,146.2,30.0,4.847727104612624,3.7536133733859742,1.3431817716015289,161.0,0.25555556,0.09365079,2.6301970240892842,21.041576192714274,93.84489281,0.34825871,0.05223881
Kyle Gibson,P,R,2018,30.0,196.2,32.0,3.6152544242861175,4.126533320661732,1.3016949825840312,179.0,0.21670702,0.09564165,2.575366735458374,20.602933883666992,93.02132196,0.36524823,0.05673759
Chris Archer,P,R,2018,29.0,148.1,27.0,4.307865316253501,3.753690023083923,1.3752809460339817,162.0,0.2539185,0.07680251,2.5405861735343933,20.324689388275146,94.70918367,0.3871734,0.06413302
Jake Odorizzi,P,R,2018,28.0,164.1,32.0,4.4908723499498455,4.194914366414,1.3448276278305094,162.0,0.2278481,0.09845288,2.5379722118377686,20.30377769470215,91.06814106,0.37791932,0.07430998
Mike Minor,P,L,2018,30.0,157.0,28.0,4.1847133757961785,4.427947499342025,1.1210191082802548,132.0,0.20625,0.059375,2.510859727859497,20.086877822875977,92.77385726,0.35497835,0.10822511
Jon Gray,P,R,2018,26.0,172.1,31.0,5.117988545636958,4.08306216393419,1.3462282795779754,183.0,0.24629879,0.06998654,2.4450812339782715,19.560649871826172,94.75881929,0.37848606,0.05776892
Rick Porcello,P,R,2018,29.0,191.1,33.0,4.280487577299453,4.012347906788346,1.1759581256317178,190.0,0.23514851,0.05940594,2.4437599182128906,19.550079345703125,90.41370394,0.35740072,0.07039711
David Price,P,L,2018,32.0,176.0,30.0,3.5795454545454546,4.0183861212296925,1.1420454545454546,177.0,0.24515235,0.06925208,2.438720941543579,19.509767532348633,92.73858268,0.35670103,0.07010309
Masahiro Tanaka,P,R,2018,29.0,156.0,27.0,3.75000036679785,4.012995761730897,1.1282052385579857,159.0,0.2503937,0.05511811,2.4315176010131836,19.45214080810547,91.73801917,0.38018433,0.07142857
Alex Wood,P,L,2018,27.0,151.2,27.0,3.6791206458513037,3.529662321595349,1.206593330091019,135.0,0.21193093,0.06279435,2.4124891199171543,19.299912959337234,89.9352381,0.33700441,0.04625551
Derek Holland,P,L,2018,31.0,171.1,30.0,3.5719847406604375,3.872493893357783,1.2898833785718247,169.0,0.23246217,0.09215956,2.354164332151413,18.833314657211304,91.57298607,0.35318275,0.06570842
Kevin Gausman,P,R,2018,27.0,183.2,31.0,3.92014491916214,4.320141114360613,1.301270327332988,148.0,0.19072165,0.06443299,2.340659022331238,18.725272178649902,93.63952164,0.40805604,0.07355517
Reynaldo López,P,R,2018,24.0,188.2,32.0,3.911660988294028,4.63392988843875,1.2720848742419604,151.0,0.18898623,0.09386733,2.338585615158081,18.70868492126465,95.53251599,0.36056838,0.07282416
Zack Godley,P,R,2018,28.0,178.1,32.0,4.743924963040933,3.8165063047063397,1.446728889438015,185.0,0.23388116,0.10240202,2.2995544001460075,18.39643520116806,89.92140641,0.38791423,0.06432749
Mike Leake,P,R,2018,30.0,185.2,31.0,4.3626573305883944,4.135296979276998,1.2980252057676582,119.0,0.15178571,0.04336735,2.297271728515625,18.378173828125,88.7132216,0.3952,0.0672
Jack Flaherty,P,R,2018,22.0,151.0,28.0,3.337748344370861,3.862418330742034,1.1059602649006623,182.0,0.29593496,0.09593496,2.279109239578247,18.232873916625977,92.68336813,0.34710744,0.0661157
Jhoulys Chacín,P,R,2018,30.0,192.2,35.0,3.503460392590184,4.032403940153149,1.1626298191706683,156.0,0.1959799,0.08919598,2.269423723220825,18.1553897857666,90.10679612,0.3781362,0.06272401
CC Sabathia,P,L,2018,37.0,153.0,29.0,3.6470588235294117,4.160431575775147,1.3137254901960784,140.0,0.21052632,0.07669173,2.2544517517089844,18.035614013671875,90.31481481,0.26565875,0.05183585
Cole Hamels,P,L,2018,34.0,190.2,32.0,3.7762239776944235,4.48735472349277,1.2639860814227168,188.0,0.23325062,0.08064516,2.193099796772003,17.544798374176025,92.07230658,0.3576779,0.07490637
Matthew Boyd,P,L,2018,27.0,170.1,31.0,4.385518721952456,4.4461458998816905,1.1565558075296303,159.0,0.22425952,0.0719323,2.179098606109619,17.432788848876953,90.41935484,0.32172131,0.06147541
Luis Castillo,P,R,2018,25.0,169.2,31.0,4.296659989073029,4.315637827981338,1.220039256156539,165.0,0.23305085,0.06920904,2.172131299972534,17.377050399780273,95.79229798,0.39672802,0.08793456
Gio Gonzalez,P,L,2018,32.0,171.0,32.0,4.210526034002068,4.160431508850638,1.4444443477757092,148.0,0.19839142,0.10723861,2.162679970264435,17.30143976211548,89.80376028,0.34496124,0.05813953
Tanner Roark,P,R,2018,31.0,180.1,30.0,4.341959342937184,4.269488879207378,1.2809611854642267,146.0,0.19210526,0.06578947,2.1545831710100174,17.23666536808014,91.47395535,0.33574007,0.05956679
Jake Arrieta,P,R,2018,32.0,172.2,31.0,3.961390194772268,4.255026234856957,1.2857143614611746,138.0,0.19060773,0.07872928,1.9822840690612793,15.858272552490234,93.03255208,0.31609195,0.05555556
Sean Newcomb,P,L,2018,25.0,164.0,30.0,3.896341600776131,4.136041366266823,1.3292683395449088,160.0,0.22988506,0.11637931,1.9229982264805585,15.383985811844468,93.03898957,0.31938326,0.04185022
Jon Lester,P,L,2018,34.0,181.2,32.0,3.3192659621138,4.393459064188896,1.3100917064396091,149.0,0.19579501,0.08409987,1.8399443626403809,14.719554901123047,90.9724888,0.35055351,0.06642066
Tyler Anderson,P,L,2018,28.0,176.0,32.0,4.551136758209294,4.569522607030958,1.2727273830697652,164.0,0.22252374,0.08005427,1.8182350397109985,14.545880317687988,91.84185681,0.3111546,0.05675147
Sean Manaea,P,L,2018,26.0,160.2,27.0,3.585061786691273,4.262091187310486,1.0767633491277608,108.0,0.16513761,0.04892966,1.7790486812591553,14.232389450073242,90.475,0.39328063,0.07905138
José Ureña,P,R,2018,26.0,174.0,31.0,3.9827586206896552,4.17192582864871,1.1839080459770115,130.0,0.18258427,0.07162921,1.653355598449707,13.226844787597656,95.78720787,0.36030829,0.06165703
Matt Harvey,P,R,2018,29.0,155.0,28.0,4.935483870967742,4.566883188678372,1.303225806451613,131.0,0.19758673,0.05580694,1.6513025537133217,13.210420429706573,94.04263824,0.39877301,0.0797546
Wade LeBlanc,P,L,2018,33.0,162.0,27.0,3.722222616643123,4.277715644784111,1.1790124706116691,130.0,0.19637462,0.06042296,1.6290409490466118,13.032327592372894,86.28883774,0.34560327,0.08997955
Jose Quintana,P,L,2018,29.0,174.1,32.0,4.02676875993043,4.433854175069385,1.3193117019715086,158.0,0.21380244,0.09201624,1.5704058408737183,12.563246726989746,91.57577293,0.3745098,0.06078431
Junior Guerra,P,R,2018,33.0,141.0,26.0,4.085106949398314,4.238445909644146,1.4042555138556705,136.0,0.22258592,0.09001637,1.508939266204834,12.071514129638672,93.26561514,0.38221154,0.06490385
Alex Cobb,P,R,2018,30.0,152.1,28.0,4.903719585011716,4.795004770779052,1.411378461549557,102.0,0.15431165,0.06505295,1.503798246383667,12.030385971069336,91.96899841,0.40625,0.078125
Jakob Junis,P,R,2018,25.0,177.0,30.0,4.372881355932203,4.6406575644757115,1.271186440677966,164.0,0.21635884,0.05672823,1.474478840827942,11.795830726623535,91.06477198,0.35634328,0.0858209
Mike Fiers,P,R,2018,33.0,172.0,30.0,3.5581395003588026,4.747640862699907,1.180232546687642,139.0,0.19467787,0.05182073,1.4443904757499695,11.555123805999756,89.42579643,0.37358491,0.10377358
Luke Weaver,P,R,2018,24.0,136.1,25.0,4.951100169458947,4.451385101441479,1.4963324956587039,121.0,0.19868637,0.08866995,1.3016311824321747,10.413049459457397,93.712,0.35034803,0.06264501
Danny Duffy,P,L,2018,29.0,155.0,28.0,4.877419354838709,4.7023670596461145,1.4903225806451612,141.0,0.20375723,0.10115607,1.2716008424758911,10.172806739807129,93.14544279,0.37316562,0.07337526
Iván Nova,P,R,2018,31.0,161.0,29.0,4.192546186502001,4.570369330346931,1.279502984325055,114.0,0.16691069,0.05124451,1.2395005226135254,9.916004180908203,92.9041987,0.38679245,0.07924528
James Shields,P,R,2018,36.0,204.2,33.0,4.529315638620965,5.090398865155169,1.3094461608958132,154.0,0.17680827,0.08955224,1.2219414934515953,9.775531947612762,89.40897756,0.35555556,0.08253968
Andrew Suárez,P,L,2018,25.0,160.1,29.0,4.490644633101454,4.3018037533551,1.2972973384515312,130.0,0.19548872,0.06766917,1.1618975400924683,9.295180320739746,92.1745283,0.3798768,0.07597536
Wei-Yin Chen,P,L,2018,32.0,133.1,26.0,4.792500182819373,4.427931624126437,1.3350000509262105,111.0,0.19405594,0.08216783,1.0902032852172852,8.721626281738281,91.14853896,0.31234867,0.05326877
Joey Lucchesi,P,L,2018,25.0,130.0,26.0,4.084614905182483,4.314277594188278,1.2923075406227065,145.0,0.26459854,0.07846715,1.0055779218673706,8.044623374938965,90.42426471,0.38764045,0.08707865
Dylan Bundy,P,R,2018,25.0,171.2,31.0,5.452427507562878,5.170140432729413,1.4097088213998041,184.0,0.24533333,0.072,0.9843148589134216,7.874518871307373,91.63785489,0.37351779,0.08498024
Jordan Zimmermann,P,R,2018,32.0,131.1,25.0,4.522842814754072,4.881243825159693,1.2639594398134275,111.0,0.19964029,0.04676259,0.9825588464736938,7.860470771789551,91.18269231,0.38369305,0.09592326
Steven Matz,P,L,2018,27.0,154.0,30.0,3.974026367784611,4.621470681578312,1.2467533702853681,152.0,0.2324159,0.08868502,0.8698643445968628,6.958914756774902,93.43502475,0.36635945,0.07373272
Sal Romano,P,R,2018,24.0,145.2,25.0,5.313502245762721,4.945328970992598,1.4279179161739612,105.0,0.16304348,0.08229814,0.8608708530664444,6.886966824531555,94.17916137,0.34024896,0.08091286
Chris Stratton,P,R,2018,27.0,145.0,26.0,5.089655105463816,4.47767293775833,1.4275861881178995,112.0,0.1792,0.0864,0.7792239636182785,6.233791708946228,91.07241606,0.38949672,0.07002188
Julio Teheran,P,R,2018,27.0,175.2,31.0,3.9449714227789623,4.828363216286309,1.1726754878679166,162.0,0.22375691,0.1160221,0.7427172064781189,5.941737651824951,89.79734411,0.36673774,0.07249467
Andrew Cashner,P,R,2018,31.0,153.0,28.0,5.294117119073095,5.323830052828473,1.5816991886613445,99.0,0.14537445,0.09544787,0.6408753395080566,5.127002716064453,92.41933459,0.35797665,0.07198444
Clayton Richard,P,L,2018,34.0,158.2,27.0,5.3319326021873215,4.679339090109833,1.3802520565945904,108.0,0.15835777,0.08797654,0.5641362071037292,4.513089656829834,90.10222222,0.4047619,0.06150794
Francisco Liriano,P,L,2018,34.0,133.2,26.0,4.578553964404933,5.113050178241957,1.4962594654918082,110.0,0.18771331,0.12457338,0.46081486623734236,3.686518929898739,92.03405866,0.32160804,0.07537688
Marco Estrada,P,R,2018,34.0,143.2,28.0,5.638050844478356,5.436533583360854,1.4269141026148926,103.0,0.16427432,0.07974482,0.3946618139743805,3.157294511795044,88.60438668,0.33474576,0.09322034
Félix Hernández,P,R,2018,32.0,155.2,28.0,5.5503210857987435,5.177562155567745,1.4004282369260719,125.0,0.18248175,0.08613139,0.25167275220155716,2.0133820176124573,89.34671533,0.38241309,0.08384458
Chase Anderson,P,R,2018,30.0,158.0,30.0,3.930380126410388,5.223722914277218,1.1898735326330965,128.0,0.19875776,0.08850932,0.23822686076164246,1.9058148860931396,92.36796537,0.30752212,0.08849558
Lucas Giolito,P,R,2018,23.0,173.1,32.0,6.126923796072599,5.5604318574759,1.4769232502773872,125.0,0.16129032,0.11612903,0.05806777626276016,0.4645422101020813,92.42329227,0.3706422,0.06972477
Gerrit Cole,P,R,2019,28.0,212.1,33.0,2.500784989260519,2.639441173090714,0.8948194876826716,326.0,0.39902081,0.05875153,7.473671913146973,59.78937530517578,97.17465565,0.35454545,0.05909091
Jacob deGrom,P,R,2019,31.0,204.0,32.0,2.426470588235294,2.6747937894334983,0.9705882352941176,255.0,0.31716418,0.05472637,6.939486026763916,55.51588821411133,96.93630573,0.29518072,0.04819277
Lance Lynn,P,R,2019,32.0,208.1,33.0,3.6720000896484395,3.127609473598633,1.2192000297656258,246.0,0.28114286,0.06742857,6.752039909362793,54.016319274902344,94.23683136,0.32918149,0.05871886
Max Scherzer,P,R,2019,34.0,172.1,27.0,2.924564883221119,2.4480520062929525,1.0270793339883693,243.0,0.35064935,0.04761905,6.472187042236328,51.777496337890625,94.92670157,0.35365854,0.06585366
Justin Verlander,P,R,2019,36.0,223.0,34.0,2.582959817994794,3.2678211385829,0.8026906378837988,300.0,0.35419126,0.04958678,6.4248809814453125,51.3990478515625,94.65692124,0.31462926,0.07214429
Charlie Morton,P,R,2019,35.0,194.2,33.0,3.0513697832873152,2.8133245546702796,1.0839040812687264,240.0,0.30379747,0.0721519,5.983532905578613,47.868263244628906,94.43880208,0.32848233,0.04989605
Stephen Strasburg,P,R,2019,30.0,209.0,33.0,3.315789231603213,3.252286984875145,1.0382774361585818,251.0,0.29845422,0.0665874,5.601249694824219,44.80999755859375,93.875,0.33778626,0.0610687
Shane Bieber,P,R,2019,24.0,214.1,33.0,3.2752722394660783,3.3213189650352444,1.0544323733893641,259.0,0.30151339,0.04656577,5.501377355307341,44.011018842458725,93.13830508,0.41696751,0.08483755
Zack Greinke,P,R,2019,35.0,208.2,33.0,2.932907062283641,3.218801807509125,0.9824280192289974,187.0,0.2308642,0.03703704,5.338922500610352,42.71138000488281,89.99167822,0.3327674,0.06281834
Lucas Giolito,P,R,2019,24.0,176.2,29.0,3.413207448902995,3.4347641863335743,1.0641509127591429,228.0,0.32340426,0.08085106,5.161978721618652,41.29582977294922,94.28488372,0.34615385,0.09375
Walker Buehler,P,R,2019,24.0,182.1,30.0,3.257769743527644,3.0055999634958015,1.042047561061031,215.0,0.2917232,0.05020353,5.1241254806518555,40.993003845214844,96.59741784,0.36401674,0.05439331
Hyun Jin Ryu,P,L,2019,32.0,182.2,29.0,2.3156931727396084,3.099045984862779,1.0072991578820045,163.0,0.22544952,0.03319502,4.946580410003662,39.5726432800293,90.57664234,0.30827068,0.04699248
Patrick Corbin,P,L,2019,29.0,202.0,33.0,3.2524752475247523,3.486286703430781,1.183168316831683,238.0,0.28502994,0.08383234,4.689886569976807,37.51909255981445,91.89096045,0.38740458,0.09351145
Jack Flaherty,P,R,2019,23.0,196.1,33.0,2.7504243057108853,3.463585014559552,0.9677418853427189,231.0,0.2992228,0.07124352,4.661951541900635,37.29561233520508,93.88054054,0.30271399,0.06889353
Zack Wheeler,P,R,2019,29.0,195.1,31.0,3.9624574410619493,3.4802210867354257,1.2593856983220149,195.0,0.23550725,0.06038647,4.626984119415283,37.015872955322266,96.70638755,0.32358003,0.05335628
Sonny Gray,P,R,2019,29.0,175.1,31.0,2.8745247982162883,3.4193326755806,1.0836502215497912,205.0,0.28954802,0.0960452,4.4838104248046875,35.8704833984375,93.34883721,0.32009346,0.06775701
José Berríos,P,R,2019,25.0,200.1,32.0,3.6838600458860453,3.8529445514172407,1.2229616683497033,195.0,0.23159145,0.06057007,4.353603839874268,34.82883071899414,92.75736568,0.32027257,0.06473595
Noah Syndergaard,P,R,2019,26.0,197.2,32.0,4.279932436245217,3.5984951319191625,1.2344013173094952,202.0,0.24484848,0.06060606,4.306643486022949,34.453147888183594,97.68380744,0.31216931,0.04938272
Jake Odorizzi,P,R,2019,29.0,159.0,30.0,3.509433962264151,3.3586635637583226,1.2075471698113207,178.0,0.27051672,0.08054711,4.296117782592773,34.36894226074219,92.92608696,0.36170213,0.07801418
Luis Castillo,P,R,2019,26.0,190.2,32.0,3.3986010359542913,3.696526906738555,1.1433565213549932,226.0,0.2893726,0.10115237,4.203364849090576,33.62691879272461,96.46401515,0.32835821,0.05117271
Mike Minor,P,L,2019,31.0,208.1,32.0,3.5855998249218834,4.246009425317386,1.238399939531253,200.0,0.23174971,0.0787949,4.148629188537598,33.18903350830078,92.56742323,0.30442177,0.06972789
Kyle Hendricks,P,R,2019,29.0,177.0,30.0,3.457627118644068,3.6094897016967082,1.1299435028248588,150.0,0.20547945,0.04383562,4.104111671447754,32.83289337158203,86.8965311,0.3135436,0.05380334
Michael Soroka,P,R,2019,21.0,174.2,29.0,2.6793890008837282,3.454467462966804,1.110686893528725,142.0,0.20256776,0.05848787,4.01092529296875,32.08740234375,92.49598518,0.37377691,0.05088063
Marcus Stroman,P,R,2019,28.0,184.1,32.0,3.2224231687026563,3.718530274848323,1.307414113901246,159.0,0.20542636,0.0749354,3.8452742099761963,30.76219367980957,92.54295246,0.35431655,0.04136691
Eduardo Rodriguez,P,L,2019,26.0,203.1,34.0,3.806557186611629,3.8631897710991385,1.3278687860273124,213.0,0.24796275,0.08731083,3.703545331954956,29.62836265563965,93.05663346,0.29432624,0.05851064
Marco Gonzales,P,L,2019,27.0,203.0,34.0,3.9901477832512313,4.154896175215397,1.3103448275862069,147.0,0.16974596,0.06466513,3.6069254875183105,28.855403900146484,88.9368,0.34094368,0.04870624
Chris Sale,P,L,2019,30.0,147.1,25.0,4.398189741578961,3.390480051759016,1.085972775698509,218.0,0.35620915,0.06045752,3.596116542816162,28.768932342529297,93.16374781,0.36337209,0.08139535
Clayton Kershaw,P,L,2019,31.0,178.1,28.0,3.0280374695405325,3.8588693071842326,1.0429906839528502,189.0,0.26770538,0.05807365,3.555100427940488,28.440803423523903,90.36283186,0.32489451,0.06540084
Jose Quintana,P,L,2019,30.0,171.0,31.0,4.684210526315789,3.7988047973454346,1.3859649122807018,152.0,0.20402685,0.06174497,3.487223356962204,27.897786855697632,91.39893302,0.36513761,0.05688073
James Paxton,P,L,2019,30.0,150.2,29.0,3.8230083333232057,3.864451865752581,1.280973278353088,186.0,0.29383886,0.08688784,3.4722909927368164,27.77832794189453,95.48213166,0.38461538,0.07435897
Aaron Nola,P,R,2019,26.0,202.1,34.0,3.869851535257831,4.03443777053917,1.2652388161251658,229.0,0.26877934,0.09389671,3.4385063648223877,27.5080509185791,92.90708252,0.39473684,0.06766917
Germán Márquez,P,R,2019,24.0,174.0,28.0,4.758620689655173,4.058837061914905,1.2011494252873562,175.0,0.24271845,0.04854369,3.3346469402313232,26.677175521850586,95.4897511,0.43083004,0.07905138
Joe Musgrove,P,R,2019,26.0,170.1,31.0,4.438356296915739,3.818706166954464,1.2152642241554998,157.0,0.21866295,0.05431755,3.294097125530243,26.352777004241943,92.44935263,0.38596491,0.06432749
Madison Bumgarner,P,L,2019,29.0,207.2,34.0,3.900481445398678,3.9026129901425897,1.1268057508929514,203.0,0.24052133,0.05094787,3.272519111633301,26.180152893066406,91.41893831,0.41666667,0.09013605
Trevor Bauer,P,R,2019,28.0,213.0,34.0,4.478872918581328,4.3360751230255525,1.248826201617016,253.0,0.27771679,0.09001098,3.229561984539032,25.836495876312256,94.58563182,0.37701975,0.08617594
Masahiro Tanaka,P,R,2019,30.0,182.0,31.0,4.450549450549451,4.268954530653064,1.2417582417582418,149.0,0.19631094,0.05270092,3.2254148721694946,25.803318977355957,91.48356808,0.37852113,0.06161972
Matthew Boyd,P,L,2019,28.0,185.1,32.0,4.564748326713187,4.320124613977752,1.2302158611000078,238.0,0.30203046,0.06345178,3.185492992401123,25.483943939208984,92.00479904,0.3495935,0.08943089
John Means,P,L,2019,26.0,155.0,27.0,3.599999922475509,4.414009449866511,1.1354838465155728,121.0,0.1899529,0.05965463,3.1512570828199387,25.21005666255951,91.79705882,0.30655391,0.06765328
Max Fried,P,L,2019,25.0,165.2,30.0,4.020121156333265,3.7150155657615533,1.3340041674919692,173.0,0.24643875,0.06695157,2.9970204830169678,23.976163864135742,93.84802632,0.38993711,0.04402516
Homer Bailey,P,R,2019,33.0,163.1,31.0,4.573469102915917,4.107886971057035,1.3163264486304178,149.0,0.21408046,0.07614943,2.873825192451477,22.990601539611816,93.00352113,0.39387755,0.05714286
Jon Gray,P,R,2019,27.0,150.0,25.0,3.8399994880676953,4.060676029500712,1.3533331529127468,150.0,0.23547881,0.08791209,2.8477624654769897,22.782099723815918,96.06270096,0.43793911,0.05854801
Spencer Turnbull,P,R,2019,26.0,148.1,30.0,4.6112356388230475,3.9892903214165614,1.4359549577036683,146.0,0.22256098,0.08993902,2.7841029167175293,22.272823333740234,93.80977312,0.40689655,0.06666667
Jon Lester,P,L,2019,35.0,171.2,31.0,4.456310547576888,4.256727891415541,1.4970873342840003,165.0,0.21596859,0.06806283,2.7514665126800537,22.01173210144043,90.31763699,0.34686347,0.07380074
Kenta Maeda,P,R,2019,31.0,153.2,26.0,4.041214466299169,3.949367341556327,1.0737526359732092,169.0,0.27083333,0.08173077,2.6543683409690857,21.234946727752686,92.10989011,0.2875,0.055
Michael Pineda,P,R,2019,30.0,146.0,26.0,4.006849315068493,4.0222286537902,1.1575342465753424,140.0,0.23333333,0.04666667,2.616966962814331,20.93573570251465,92.56363636,0.36065574,0.07259953
Dylan Bundy,P,R,2019,26.0,161.2,30.0,4.787628263477033,4.729473202519213,1.3546390047822612,162.0,0.23142857,0.08285714,2.6047863960266113,20.83829116821289,91.2224622,0.3185654,0.05907173
Yu Darvish,P,R,2019,32.0,178.2,31.0,3.9794778385149736,4.176696097683501,1.0970149878325384,229.0,0.31326949,0.07660739,2.58247971534729,20.65983772277832,94.18328298,0.37471264,0.07356322
Anthony DeSclafani,P,R,2019,29.0,166.2,31.0,3.88799988134766,4.426009438720704,1.1999999633789074,167.0,0.23994253,0.0704023,2.557922840118408,20.463382720947266,94.66936572,0.37605042,0.07142857
Kyle Gibson,P,R,2019,31.0,160.0,29.0,4.837499394491391,4.264009344279783,1.4437498192861902,160.0,0.2266289,0.07932011,2.5571062825620174,20.45685026049614,93.34507549,0.37681159,0.07453416
Cole Hamels,P,L,2019,35.0,141.2,27.0,3.811764979590201,4.089303656206499,1.3905883351467956,143.0,0.23176661,0.09076175,2.475051164627075,19.8004093170166,91.39172535,0.4136253,0.07542579
Miles Mikolas,P,R,2019,30.0,184.0,32.0,4.157608695652174,4.27379208440366,1.2228260869565217,144.0,0.18848168,0.04188482,2.418492555618286,19.34794044494629,93.60067797,0.35416667,0.06076389
Aníbal Sánchez,P,R,2019,35.0,166.0,30.0,3.849397944199706,4.44292525132106,1.2710844541880095,134.0,0.18820225,0.08146067,2.4037482738494873,19.2299861907959,90.45903361,0.28294574,0.06589147
Chris Paddack,P,R,2019,23.0,140.2,26.0,3.3270140977104115,3.9533459418658774,0.9810426185556341,153.0,0.2693662,0.05457746,2.4035394191741943,19.228315353393555,93.90732759,0.32539683,0.07142857
Reynaldo López,P,R,2019,25.0,184.0,33.0,5.380435228798512,5.040096583663867,1.456521859917173,169.0,0.20889988,0.08034611,2.3997600078582764,19.19808006286621,95.47462203,0.38271605,0.07583774
Sandy Alcantara,P,R,2019,23.0,197.1,32.0,3.876688989346015,4.551847244580358,1.3175674996470117,151.0,0.18019093,0.09665871,2.2947793006896973,18.358234405517578,95.58035207,0.34280936,0.06521739
Robbie Ray,P,L,2019,27.0,174.1,33.0,4.336520203002002,4.286667250789191,1.3422562533101434,235.0,0.3145917,0.1124498,2.2835381031036377,18.2683048248291,92.40483571,0.38534279,0.10638298
Eric Lauer,P,L,2019,24.0,149.2,29.0,4.4498884370357,4.2295996295059455,1.396436461472164,138.0,0.21198157,0.07834101,2.2544296234846115,18.035436987876892,91.90354182,0.39387309,0.05908096
Brad Keller,P,R,2019,23.0,165.1,28.0,4.1915323870115095,4.351106284882848,1.3548387513572555,122.0,0.17207334,0.09873061,2.2374091148376465,17.899272918701172,93.41855329,0.38582677,0.05905512
Iván Nova,P,R,2019,32.0,187.0,34.0,4.716577540106952,4.978715358060949,1.4545454545454546,114.0,0.14143921,0.05831266,2.1013076305389404,16.810461044311523,92.41794714,0.3836478,0.07232704
Chris Bassitt,P,R,2019,30.0,144.0,25.0,3.812499596013006,4.401509349875994,1.1944443178765702,141.0,0.23039216,0.07679739,2.099483974277973,16.795871794223785,93.50703325,0.31143552,0.0486618
Joey Lucchesi,P,L,2019,26.0,163.2,30.0,4.1792263290017635,4.173276337774202,1.2219960026320946,158.0,0.2303207,0.08163265,2.090341329574585,16.72273063659668,90.18397626,0.36382979,0.07234043
Adam Wainwright,P,R,2019,37.0,171.2,31.0,4.194175005817599,4.355757116180577,1.4271845505907108,153.0,0.20536913,0.08590604,2.0768826007843018,16.615060806274414,89.91674208,0.37884615,0.06538462
Tanner Roark,P,R,2019,32.0,165.1,31.0,4.354838642691972,4.665622356605332,1.3971773978636741,158.0,0.21883657,0.07063712,2.0367000438272953,16.293600350618362,92.05717762,0.358,0.084
Wade Miley,P,L,2019,32.0,167.1,33.0,3.9800794393179575,4.510822145876172,1.3446214322020127,140.0,0.19444444,0.08472222,2.019850015640259,16.15880012512207,90.46296296,0.30933852,0.04280156
Brett Anderson,P,L,2019,31.0,176.0,31.0,3.8863639733023185,4.571964138894052,1.3068182951162768,90.0,0.12113055,0.06594886,1.9751688241958618,15.801350593566895,90.80355762,0.4,0.07333333
Trent Thornton,P,R,2019,25.0,154.1,29.0,4.840172467148291,4.587659493158393,1.4060474235223281,149.0,0.22008863,0.0901034,1.898254781961441,15.186038255691528,92.89805447,0.37012987,0.07359307
Merrill Kelly,P,R,2019,30.0,183.1,32.0,4.418181573032361,4.512191221858258,1.3145453816059247,158.0,0.2033462,0.07335907,1.8785587549209595,15.028470039367676,91.9146165,0.39821429,0.09464286
Martín Pérez,P,L,2019,28.0,165.1,29.0,5.1169348148538845,4.6595738028357605,1.5181449627994386,135.0,0.18317503,0.09090909,1.8534598797559738,14.82767903804779,94.05967604,0.29699248,0.05263158
Daniel Norris,P,L,2019,26.0,144.1,29.0,4.489607489182988,4.606619206149027,1.3302540708690334,125.0,0.20491803,0.06229508,1.8236904740333557,14.589523792266846,90.77978636,0.43340858,0.08803612
Rick Porcello,P,R,2019,30.0,174.1,32.0,5.523899767800943,4.762766419951263,1.3938812498189295,143.0,0.18619792,0.05859375,1.7816669940948486,14.253335952758789,90.4527512,0.37630662,0.09581882
Jason Vargas,P,L,2019,36.0,149.2,29.0,4.510022348349087,4.764120860622064,1.3630289763899461,124.0,0.19106317,0.09707242,1.7263619527220726,13.81089562177658,84.27441485,0.3377193,0.07894737
Mike Fiers,P,R,2019,34.0,184.2,33.0,3.89891653795852,4.968521917789342,1.185920446962383,126.0,0.16710875,0.07029178,1.7137585878372192,13.710068702697754,90.37390128,0.3745583,0.07243816
Julio Teheran,P,R,2019,28.0,174.2,33.0,3.8129769882034132,4.662482715971467,1.3225190454579405,162.0,0.21485411,0.11007958,1.6162344217300415,12.929875373840332,89.65960744,0.35353535,0.06868687
Jordan Lyles,P,R,2019,28.0,141.0,28.0,4.148936057965,4.639541352034444,1.3191489004811794,146.0,0.24373957,0.0918197,1.5945826172828674,12.75666093826294,92.64100486,0.40050378,0.08060453
Steven Matz,P,L,2019,28.0,160.1,30.0,4.209978971043847,4.598624781740206,1.340956264851003,153.0,0.22141823,0.07525326,1.5770308449864388,12.61624675989151,93.39063643,0.38622129,0.08559499
Zach Davies,P,R,2019,26.0,159.2,31.0,3.551148112346096,4.560564756403617,1.2901878503409097,102.0,0.15178571,0.07589286,1.5501062870025635,12.400850296020508,88.45241477,0.33268859,0.07156673
Jeff Samardzija,P,R,2019,34.0,181.1,32.0,3.523897454194176,4.587171394478508,1.1084560067183558,140.0,0.18918919,0.06621622,1.541144847869873,12.329158782958984,91.91727672,0.37614679,0.08256881
Jakob Junis,P,R,2019,26.0,175.1,31.0,5.2357415967510965,4.822374541376646,1.4258555546707778,164.0,0.21271077,0.07522698,1.5367826223373413,12.29426097869873,91.51816958,0.41078067,0.08550186
Zach Eflin,P,R,2019,25.0,163.1,28.0,4.132652466022175,4.8548255659212565,1.3469385815183386,129.0,0.18297872,0.06808511,1.5001659284171183,12.001327427336946,93.55843247,0.32758621,0.06896552
J.A. Happ,P,L,2019,36.0,161.1,30.0,4.909091528155307,5.222274191771543,1.2954547088187616,140.0,0.20648968,0.07227139,1.223937064409256,9.791496515274048,91.28052805,0.37396694,0.08264463
Chase Anderson,P,R,2019,31.0,139.0,27.0,4.208632631520593,4.832714333985159,1.2661869113634605,124.0,0.20945946,0.08445946,1.1706483960151672,9.365187168121338,93.41201001,0.31463415,0.06341463
Caleb Smith,P,L,2019,27.0,153.1,28.0,4.519564917551793,5.111835436757895,1.2260868751799956,168.0,0.26006192,0.09287926,0.9992156624794006,7.993725299835205,91.63006993,0.3592233,0.1092233
Trevor Williams,P,R,2019,27.0,145.2,26.0,5.375285853500336,5.12247622829178,1.4141875936412125,113.0,0.17767296,0.06918239,0.9464857578277588,7.57188606262207,91.3189433,0.3559322,0.08262712
Dakota Hudson,P,R,2019,24.0,174.2,32.0,3.349236361967897,4.925841394047155,1.4083968291352182,136.0,0.17965654,0.11360634,0.9338738396763802,7.470990717411041,93.66609784,0.3878327,0.06844106
Mike Leake,P,R,2019,31.0,197.0,32.0,4.294416409968513,5.193704983849521,1.2893401514562675,127.0,0.15209581,0.03233533,0.8774010241031647,7.019208192825317,88.42239686,0.42771982,0.08792846
Aaron Sanchez,P,R,2019,26.0,131.1,27.0,5.893401072288175,5.2470044192492775,1.6218274268700017,115.0,0.19008264,0.11239669,0.7725383192300797,6.180306553840637,93.62245667,0.42092457,0.07542579
Yusei Kikuchi,P,L,2019,28.0,161.2,32.0,5.45567044637907,5.7129787051152014,1.515464012883075,116.0,0.16088766,0.06934813,0.1886373609304428,1.5090988874435425,92.49534884,0.38069217,0.07650273
Corbin Burnes,P,R,2021,26.0,167.0,28.0,2.4251497005988023,1.631111966778418,0.9401197604790419,234.0,0.35616438,0.05175038,7.472195148468018,59.77756118774414,96.86021505,0.30548303,0.03133159
Zack Wheeler,P,R,2021,31.0,213.1,32.0,2.784375066384675,2.588784108608961,1.007812524028123,247.0,0.29093051,0.05418139,7.221505165100098,57.77204132080078,97.06471495,0.28467153,0.04562044
Nathan Eovaldi,P,R,2021,31.0,182.1,32.0,3.7513712198197116,2.7916063239764557,1.190128003948651,195.0,0.2552356,0.04581152,5.731126308441162,45.8490104675293,96.88951613,0.36432638,0.0626186
Walker Buehler,P,R,2021,26.0,207.2,33.0,2.470305096930544,3.155587893830021,0.9678973186803885,212.0,0.2601227,0.06380368,5.5503129959106445,44.402503967285156,95.38871858,0.3706422,0.06788991
Max Scherzer,P,R,2021,36.0,179.1,30.0,2.4591078764368186,2.9748668306863415,0.8643122921716709,236.0,0.34054834,0.05194805,5.36945652961731,42.95565223693848,94.3469697,0.34306569,0.08029197
Gerrit Cole,P,R,2021,30.0,181.1,30.0,3.2261030316662236,2.9218723508004087,1.0588235591109656,243.0,0.33471074,0.05647383,5.18988561630249,41.51908493041992,97.72752809,0.38636364,0.09772727
Julio Urías,P,L,2021,24.0,185.2,32.0,2.956912190732134,3.1269461488316,1.0179533771372922,195.0,0.26174497,0.05100671,5.042324542999268,40.33859634399414,94.13343217,0.3029703,0.05346535
Kevin Gausman,P,R,2021,30.0,192.0,33.0,2.8125,3.003367455800375,1.0416666666666667,227.0,0.29290323,0.06451613,4.804707050323486,38.43765640258789,94.64520202,0.40890688,0.0708502
Brandon Woodruff,P,R,2021,28.0,179.1,30.0,2.559479626495464,2.9581382056765673,0.9646840422303166,211.0,0.2980226,0.06073446,4.746328353881836,37.97062683105469,96.4581861,0.32662192,0.05816555
Charlie Morton,P,R,2021,37.0,185.2,33.0,3.3447039534511025,3.1754201191714713,1.0448833606594428,216.0,0.28571429,0.07671958,4.53721284866333,36.29770278930664,95.32611637,0.32473118,0.04946237
Dylan Cease,P,R,2021,25.0,165.2,32.0,3.9114690530554577,3.4054466117713047,1.2494970586149379,226.0,0.31920904,0.0960452,4.485837936401367,35.88670349121094,96.7187274,0.38765432,0.09876543
Aaron Nola,P,R,2021,28.0,180.2,32.0,4.632841589267722,3.369296126306513,1.1291513550903407,223.0,0.29773031,0.05206943,4.422885894775391,35.383087158203125,92.71158854,0.37447699,0.07112971
Sandy Alcantara,P,R,2021,25.0,205.2,33.0,3.1944896231573527,3.4180082028034566,1.0745543481244673,201.0,0.24014337,0.05973716,4.289099216461182,34.31279373168945,97.85197156,0.39409722,0.06076389
Lance Lynn,P,R,2021,34.0,157.0,28.0,2.694267515923567,3.3165309377536656,1.070063694267516,176.0,0.27457098,0.07020281,4.257298469543457,34.058387756347656,93.4524248,0.34688995,0.05741627
Trevor Rogers,P,L,2021,23.0,133.0,25.0,2.6390977443609023,2.5459739720911014,1.150375939849624,157.0,0.28545455,0.08363636,4.2552971839904785,34.04237747192383,94.60223642,0.36549708,0.0497076
Lucas Giolito,P,R,2021,26.0,178.2,31.0,3.526119603747445,3.791302814555877,1.102612003076582,201.0,0.27916667,0.07222222,4.143494606018066,33.14795684814453,93.89409056,0.34193548,0.06666667
Logan Webb,P,R,2021,24.0,148.1,26.0,3.0337079691926068,2.7183487137205864,1.1056180154390833,158.0,0.26510067,0.06040268,4.088901910930872,32.711215287446976,92.9127907,0.38832487,0.05583756
Frankie Montas,P,R,2021,28.0,187.0,32.0,3.3689839572192515,3.3732426786167733,1.1818181818181819,207.0,0.26606684,0.07326478,4.010596752166748,32.084774017333984,96.34656835,0.42209073,0.08678501
José Berríos,P,R,2021,27.0,192.0,32.0,3.515625139698392,3.472117467804088,1.0625000422199584,204.0,0.26120359,0.05761844,4.007076144218445,32.05660915374756,93.99708114,0.38297872,0.09090909
Freddy Peralta,P,R,2021,25.0,144.1,27.0,2.806004717820402,3.1215352754923678,0.9699769394934723,195.0,0.3362069,0.09655172,3.981984756886959,31.855878055095673,93.4152,0.31761006,0.05974843
Eduardo Rodriguez,P,L,2021,28.0,157.2,31.0,4.737843857478901,3.322254005438251,1.3890064321122881,185.0,0.27407407,0.06962963,3.92314425855875,31.38515406847,92.58802566,0.33560091,0.06802721
Robbie Ray,P,L,2021,29.0,193.1,32.0,2.8396552471201733,3.692447929314286,1.0448276136944898,248.0,0.32082794,0.06727038,3.9117445945739746,31.293956756591797,94.81992541,0.43070362,0.09808102
Adam Wainwright,P,R,2021,39.0,206.1,32.0,3.053311868481166,3.6643798535544683,1.0565428370299907,174.0,0.21014493,0.06038647,3.9056334495544434,31.245067596435547,89.08519793,0.35630252,0.06218487
Tyler Mahle,P,R,2021,26.0,180.0,33.0,3.75,3.8033674558003745,1.2333333333333334,210.0,0.27667984,0.08432148,3.8689427375793457,30.951541900634766,94.08151211,0.34315789,0.06526316
Luis Castillo,P,R,2021,28.0,187.2,33.0,3.9804620274850104,3.750851205460168,1.3641208554700972,192.0,0.23910336,0.09339975,3.8502862453460693,30.802289962768555,97.27151515,0.36862004,0.04536862
Max Fried,P,L,2021,27.0,165.2,28.0,3.042253427724138,3.3088671161925474,1.0865190813300494,158.0,0.23688156,0.06146927,3.7442209720611572,29.953767776489258,93.8974359,0.34273319,0.06290672
Antonio Senzatela,P,R,2021,26.0,156.2,28.0,4.423404542535306,3.6104596829792146,1.3404256189500927,105.0,0.15671642,0.04776119,3.503732442855835,28.02985954284668,94.63602669,0.42748092,0.05916031
Marcus Stroman,P,R,2021,30.0,179.0,33.0,3.016759776536313,3.4940564688357565,1.1452513966480447,158.0,0.21643836,0.06027397,3.4673938751220703,27.739151000976562,91.99187652,0.42034549,0.06525912
Germán Márquez,P,R,2021,26.0,180.0,32.0,4.4,3.864478566911486,1.2722222222222221,176.0,0.23280423,0.08465608,3.44494891166687,27.55959129333496,94.75271003,0.39257813,0.05273438
Chris Bassitt,P,R,2021,32.0,157.1,27.0,3.146186542387705,3.3416442975063707,1.0550847798714325,159.0,0.24960754,0.06122449,3.3043105602264404,26.434484481811523,92.97467383,0.3317757,0.06542056
Joe Musgrove,P,R,2021,28.0,181.1,31.0,3.176470677332897,3.699445902022524,1.0808823832591108,203.0,0.27139037,0.07219251,3.2847210615873337,26.27776849269867,93.30214918,0.38477801,0.07188161
Sean Manaea,P,L,2021,29.0,179.1,32.0,3.9144982522871805,3.6551642477504953,1.2267658340501135,194.0,0.25729443,0.05437666,3.256680488586426,26.053443908691406,92.16284275,0.41176471,0.08039216
Jordan Montgomery,P,L,2021,28.0,157.1,30.0,3.8326272425450227,3.6912205799938933,1.2775424141816742,162.0,0.24508321,0.07715582,3.2380168437957764,25.90413475036621,92.5422177,0.36547085,0.07399103
Lance McCullers Jr.,P,R,2021,27.0,162.1,28.0,3.1601643700621795,3.521163496918394,1.2197125638836483,185.0,0.27046784,0.11111111,3.1823341846466064,25.45867347717285,93.9778481,0.40677966,0.05326877
Luis Garcia,P,R,2021,24.0,155.1,28.0,3.4763949849605655,3.6335534537951166,1.1781116337921917,167.0,0.26382306,0.07898894,3.0749811567366123,24.5998492538929,93.3059034,0.3874092,0.07263923
Kyle Gibson,P,R,2021,33.0,182.0,30.0,3.70879126709306,3.8678363312386246,1.219780238955051,155.0,0.20557029,0.08488064,3.0619198977947235,24.495359182357788,92.4592371,0.39089184,0.04933586
Wade Miley,P,L,2021,34.0,163.0,28.0,3.3680981595092025,3.9675801347369797,1.3251533742331287,125.0,0.18115942,0.07246377,3.0390853881835938,24.31268310546875,89.84140969,0.34179688,0.06054688
Anthony DeSclafani,P,R,2021,31.0,167.2,31.0,3.1669982040737876,3.617350252985937,1.0914513584661076,152.0,0.22485207,0.06213018,3.0351452827453613,24.28116226196289,94.09222886,0.3875,0.08125
Chris Flexen,P,R,2021,26.0,179.2,31.0,3.606679239456615,3.8880304525440526,1.2523191803668803,125.0,0.16869096,0.05398111,2.9847660064697266,23.878128051757812,92.79270463,0.38111888,0.06293706
Yu Darvish,P,R,2021,34.0,166.1,30.0,4.220441010819277,3.9035010787632687,1.094188410212405,199.0,0.29221733,0.06461087,2.849531650543213,22.796253204345703,94.5023753,0.34883721,0.08837209
Steven Matz,P,L,2021,30.0,150.2,29.0,3.8230091076747326,3.7872908013103572,1.3340708865323285,144.0,0.22256569,0.06646059,2.7456274032592773,21.96501922607422,94.50639579,0.37885463,0.07048458
Alex Wood,P,L,2021,30.0,138.2,26.0,3.8293272039946924,3.480130299061715,1.1826923944541046,152.0,0.25982906,0.06666667,2.5280165672302246,20.224132537841797,91.8155054,0.4047619,0.05291005
John Means,P,L,2021,28.0,146.2,26.0,3.6204547965625276,4.615488768175621,1.0295455259528092,134.0,0.22711864,0.0440678,2.472393035888672,19.779144287109375,92.84139785,0.37793427,0.10093897
Sonny Gray,P,R,2021,31.0,135.1,26.0,4.189655329874549,3.990231197627667,1.2192118684820117,155.0,0.26956522,0.08695652,2.461591958999634,19.69273567199707,92.42929721,0.32044199,0.04696133
Hyun Jin Ryu,P,L,2021,34.0,169.0,31.0,4.366863905325443,4.016187968620888,1.2248520710059172,143.0,0.20399429,0.05278174,2.454495668411255,19.63596534729004,89.97520661,0.41618497,0.08477842
Mike Minor,P,L,2021,33.0,158.2,28.0,5.048319651391784,4.291882933887438,1.2415967182574053,149.0,0.22272048,0.0612855,2.3360376358032227,18.68830108642578,90.98308103,0.35864979,0.092827
Jon Gray,P,R,2021,29.0,149.0,29.0,4.590604026845638,4.223725397634826,1.3288590604026846,157.0,0.24378882,0.09006211,2.2874014377593994,18.299211502075195,94.9089404,0.3824228,0.06888361
Nick Pivetta,P,R,2021,28.0,155.0,30.0,4.529032258064516,4.27971154182188,1.303225806451613,175.0,0.26475038,0.09833585,2.2760042548179626,18.2080340385437,94.82328191,0.40384615,0.08173077
Merrill Kelly,P,R,2021,32.0,158.0,27.0,4.443037974683544,4.1067429832265345,1.2911392405063291,130.0,0.19490255,0.06146927,2.2234959602355957,17.787967681884766,91.75020542,0.39634146,0.06300813
Tyler Anderson,P,L,2021,31.0,167.0,31.0,4.526946314597961,4.3676389675987775,1.2455090389370052,134.0,0.19061166,0.05405405,2.057795763015747,16.462366104125977,90.24455206,0.33018868,0.08490566
Cole Irvin,P,L,2021,27.0,178.1,32.0,4.239252457356746,4.3027444351470185,1.3289720005205672,125.0,0.16276042,0.0546875,2.0016634464263916,16.013307571411133,90.70602859,0.39189189,0.07263514
Jameson Taillon,P,R,2021,29.0,144.1,29.0,4.302540567324616,4.431004143808555,1.2055427676561727,140.0,0.23217247,0.07296849,1.9359829425811768,15.487863540649414,94.00690184,0.40435835,0.08232446
Rich Hill,P,L,2021,41.0,158.2,31.0,3.8571430116999252,4.342303077003293,1.2100840821019374,150.0,0.2269289,0.08320726,1.7122091315686703,13.697673052549362,87.96460177,0.34772727,0.08863636
Adrian Houser,P,R,2021,28.0,142.1,26.0,3.224824471210577,4.329284749372803,1.2786885702839326,105.0,0.17529215,0.10684474,1.4955835230648518,11.964668184518814,93.71823899,0.35866983,0.04988124
Taijuan Walker,P,R,2021,28.0,159.0,29.0,4.471698274133728,4.572549896210813,1.182389979658426,146.0,0.22324159,0.08409786,1.4770550429821014,11.816440343856812,94.22518823,0.39420935,0.10022272
Madison Bumgarner,P,L,2021,31.0,146.1,26.0,4.674259843561606,4.6324487518854385,1.182232387333564,124.0,0.20228385,0.06362153,1.3915902376174927,11.132721900939941,90.39784946,0.38496583,0.07517084
Casey Mize,P,R,2021,24.0,150.1,30.0,3.711751788551746,4.713271425234075,1.1374723222981158,118.0,0.19281046,0.06699346,1.246364712715149,9.970917701721191,93.63888889,0.40045249,0.09954751
Zack Greinke,P,R,2021,37.0,171.0,29.0,4.157894991918446,4.7138938663017385,1.1695907150262859,120.0,0.17216643,0.05164993,1.2086088210344315,9.668870568275452,88.9452862,0.35435993,0.06493506
Brad Keller,P,R,2021,25.0,133.2,26.0,5.38653407577051,4.718662669251063,1.6608480066959073,120.0,0.19575856,0.10440457,1.1808425188064575,9.44674015045166,93.90527066,0.45023697,0.10900474
Erick Fedde,P,R,2021,28.0,133.1,27.0,5.4675004432082535,4.6625342434525585,1.4400001167297458,128.0,0.21694915,0.08135593,1.1799397878348827,9.439518302679062,93.87260536,0.40487805,0.09268293
Kyle Hendricks,P,R,2021,31.0,181.0,32.0,4.773480662983426,4.893791028544389,1.3480662983425415,131.0,0.16687898,0.05605096,1.1421937942504883,9.137550354003906,87.34705882,0.32998325,0.08375209
Yusei Kikuchi,P,L,2021,30.0,157.0,29.0,4.414012738853503,4.609524568326914,1.3184713375796178,163.0,0.24474474,0.09309309,1.0778179168701172,8.622543334960938,95.17698154,0.47018349,0.11009174
Zach Plesac,P,R,2021,26.0,142.2,25.0,4.668224631922687,4.7261089997746035,1.1985982163044737,100.0,0.16722408,0.05685619,1.002585768699646,8.020686149597168,92.86363636,0.43326039,0.0940919
Dallas Keuchel,P,L,2021,33.0,162.0,30.0,5.277777964195604,5.225589750627434,1.5308642516029352,95.0,0.13194444,0.08194444,0.7202856987714767,5.762285590171814,87.87099726,0.39713775,0.08944544
Tarik Skubal,P,L,2021,24.0,149.1,29.0,4.339286028350517,5.085212832510633,1.2589286625461378,164.0,0.25867508,0.07413249,0.6379354149103165,5.103483319282532,94.40434478,0.45083933,0.13908873
Marco Gonzales,P,L,2021,29.0,143.1,25.0,3.9558140938626343,5.277010941420332,1.1651163204145678,108.0,0.18461538,0.07179487,0.5342565178871155,4.274052143096924,88.41021277,0.36976744,0.11395349
J.A. Happ,P,L,2021,38.0,152.1,30.0,5.789934547806105,5.132835063276594,1.477024119338292,122.0,0.18181818,0.07153502,0.46132204309105873,3.69057634472847,90.58447009,0.41767068,0.11646586
Jordan Lyles,P,R,2021,30.0,180.0,30.0,5.15,5.342256344689263,1.3888888888888888,146.0,0.18985696,0.07282185,0.18765122815966606,1.5012098252773285,92.82811413,0.41607143,0.09107143
Patrick Corbin,P,L,2021,31.0,171.2,31.0,5.8194178205719185,5.406927458903094,1.4679612520361596,143.0,0.19041278,0.07989348,0.16315855085849762,1.305268406867981,92.47840103,0.41100917,0.09174312
Jon Lester,P,L,2021,37.0,141.1,28.0,4.712264320526998,5.412958731486649,1.5141509978870535,91.0,0.14513557,0.0877193,0.07811725325882435,0.6249380260705948,88.36093609,0.37238494,0.07740586
Zach Davies,P,R,2021,28.0,148.0,32.0,5.777027027027027,5.447061149494068,1.6013513513513513,114.0,0.17065868,0.11227545,-0.04269562289118767,-0.34156498312950134,88.02365115,0.43248945,0.0907173
Aaron Nola,P,R,2022,29.0,205.0,32.0,3.2487804878048783,2.5807236845900374,0.9609756097560975,235.0,0.29120198,0.03593556,6.295214653015137,50.361717224121094,92.5655995,0.3164794,0.07116105
Carlos Rodón,P,L,2022,29.0,178.0,31.0,2.8820224719101124,2.2528804398654554,1.0280898876404494,237.0,0.33380282,0.07323944,6.229438304901123,49.835506439208984,95.59255203,0.39712919,0.0645933
Justin Verlander,P,R,2022,39.0,175.0,28.0,1.7485714285714287,2.4895738588060654,0.8285714285714286,185.0,0.27777778,0.04354354,6.0535478591918945,48.428382873535156,95.0608365,0.34753363,0.06278027
Sandy Alcantara,P,R,2022,26.0,228.2,32.0,2.2827989353724414,2.9856088385869612,0.9795918803130783,207.0,0.23363431,0.05643341,5.915323257446289,47.32258605957031,97.92610837,0.38548387,0.05322581
Kevin Gausman,P,R,2022,31.0,174.2,31.0,3.349236836279765,2.3796065315028496,1.2366412933956055,205.0,0.28275862,0.03862069,5.543552875518799,44.34842300415039,95.01693667,0.38492872,0.0814664
Max Fried,P,L,2022,28.0,185.1,30.0,2.476618773003963,2.7023590479632054,1.0143885170473748,170.0,0.2319236,0.04365621,4.909731864929199,39.277854919433594,93.92901235,0.32068311,0.0398482
Shane Bieber,P,R,2022,27.0,200.0,31.0,2.88,2.872431001663208,1.04,198.0,0.25031606,0.04551201,4.766202449798584,38.12961959838867,91.29737903,0.43063063,0.07207207
Corbin Burnes,P,R,2022,27.0,202.0,33.0,2.9405940594059405,3.1371834769107334,0.9653465346534653,243.0,0.30489335,0.06398996,4.587639808654785,36.70111846923828,96.28448276,0.34081633,0.05714286
Framber Valdez,P,L,2022,28.0,201.1,31.0,2.8162252367089184,3.0577952386935467,1.1572847974482858,194.0,0.23458283,0.08101572,4.3906049728393555,35.124839782714844,93.99372647,0.41621622,0.05765766
Dylan Cease,P,R,2022,26.0,184.0,32.0,2.2010869565217392,3.0961266538371213,1.108695652173913,227.0,0.3038822,0.10441767,4.372955322265625,34.983642578125,96.83713611,0.31207289,0.06150342
Logan Webb,P,R,2022,25.0,192.1,32.0,2.9012132482998285,3.0344413982142884,1.1594454379406125,163.0,0.20711563,0.06226175,4.239431858062744,33.91545486450195,91.91192661,0.38908451,0.05457746
Zac Gallen,P,R,2022,26.0,184.0,31.0,2.5434782608695654,3.0472136103588605,0.9130434782608695,192.0,0.26890756,0.06582633,4.171083450317383,33.36866760253906,94.15815603,0.36069114,0.07775378
Yu Darvish,P,R,2022,35.0,194.2,30.0,3.0976029015947577,3.312773477885755,0.9503425154146438,197.0,0.25551232,0.04798962,4.168788909912109,33.350311279296875,94.96633663,0.37142857,0.08761905
Zack Wheeler,P,R,2022,32.0,153.0,26.0,2.823529411764706,2.890208779440986,1.0392156862745099,163.0,0.26853377,0.05601318,4.1534624099731445,33.227699279785156,95.82407407,0.34491315,0.07692308
Tyler Anderson,P,L,2022,32.0,178.2,28.0,2.5690297776114113,3.308326518474536,1.0018656431207902,138.0,0.19519095,0.04809052,4.054953694343567,32.439629554748535,90.51851852,0.2851711,0.04942966
Jose Quintana,P,L,2022,33.0,165.2,32.0,2.933601654691357,2.9917066537335226,1.213279696693339,137.0,0.2017673,0.06921944,3.9656792879104614,31.72543430328369,91.30483532,0.35772358,0.05487805
Alek Manoah,P,R,2022,24.0,196.2,31.0,2.2423729973420223,3.3463293188462764,0.99152547501518,180.0,0.22900763,0.0648855,3.9151711463928223,31.321369171142578,93.64680153,0.31481481,0.0537037
Martín Pérez,P,L,2022,31.0,196.1,32.0,2.8879457454440662,3.265232363856016,1.2580645487207838,169.0,0.20584653,0.08404385,3.87052845954895,30.9642276763916,92.69314642,0.34835355,0.04332756
Nestor Cortes,P,L,2022,27.0,158.1,28.0,2.44421060483304,3.1250625810163504,0.9221052927793898,163.0,0.26504065,0.06178862,3.741973876953125,29.935791015625,91.7960242,0.34708738,0.05339806
Patrick Sandoval,P,L,2022,25.0,148.2,27.0,2.905829795244143,3.092251628085124,1.338565114012927,151.0,0.23667712,0.09404389,3.705310106277466,29.642480850219727,93.23982398,0.33886256,0.05687204
Alex Cobb,P,R,2022,34.0,149.2,28.0,3.7282853313546522,2.798399799918282,1.3028954114949054,151.0,0.23930269,0.0681458,3.697944402694702,29.583555221557617,94.84652981,0.41013825,0.03686636
Luis Castillo,P,R,2022,29.0,150.1,25.0,2.993348216573989,3.072519692108888,1.084257242892356,167.0,0.27154472,0.07317073,3.6959288120269775,29.56743049621582,97.07178044,0.37468354,0.06835443
Shane McClanahan,P,L,2022,25.0,166.1,28.0,2.5430862501090514,3.004214565488355,0.9258517317181889,194.0,0.30265211,0.05928237,3.618363618850708,28.946908950805664,96.78563284,0.32512315,0.06403941
Brandon Woodruff,P,R,2022,29.0,153.1,27.0,3.0521740142879987,3.079822304929362,1.0695652528701534,190.0,0.30645161,0.06774194,3.5605127811431885,28.484102249145508,96.16447368,0.37336815,0.07049608
Triston McKenzie,P,R,2022,24.0,191.1,30.0,2.963414712923554,3.5932672513791992,0.9512195374816346,190.0,0.25641026,0.05937922,3.4388017342425883,27.510413873940706,92.53621347,0.4063745,0.09760956
Gerrit Cole,P,R,2022,31.0,200.2,33.0,3.498339047775474,3.4662516176063116,1.0166113472168044,257.0,0.32408575,0.0630517,3.4223220348358154,27.378576278686523,97.83804476,0.40082645,0.09504132
Joe Musgrove,P,R,2022,29.0,181.0,30.0,2.9337016574585637,3.5875691232101694,1.0828729281767955,184.0,0.24864865,0.05675676,3.417886972427368,27.343095779418945,92.85327314,0.324,0.06
Cristian Javier,P,R,2022,25.0,148.2,25.0,2.542601005597008,3.15951620547056,0.9484305338338045,194.0,0.33162393,0.08888889,3.3599997460842133,26.879997968673706,93.85751634,0.33633634,0.07207207
Julio Urías,P,L,2022,25.0,175.0,31.0,2.16,3.7124310016632083,0.96,166.0,0.24092888,0.05950653,3.2254433631896973,25.803546905517578,93.1394268,0.30398323,0.06708595
Merrill Kelly,P,R,2022,33.0,200.1,33.0,3.3693844449463004,3.651532512854616,1.1381031902929726,177.0,0.22014925,0.07587065,3.1772408485412598,25.417926788330078,92.65183616,0.36524823,0.08333333
Corey Kluber,P,R,2022,36.0,164.0,31.0,4.335365853658536,3.56974807483394,1.2134146341463414,139.0,0.20174165,0.03047896,3.103159189224243,24.825273513793945,88.93362193,0.34682081,0.06936416
Jeffrey Springs,P,L,2022,29.0,135.1,25.0,2.4605913121790266,3.0385393706668413,1.071428649447324,144.0,0.26229508,0.0564663,3.051101177930832,24.408809423446655,91.46613088,0.37533512,0.05898123
Logan Gilbert,P,R,2022,25.0,185.2,32.0,3.1992820424314896,3.4571347907467356,1.1795332782701957,174.0,0.22715405,0.06396867,3.0403740406036377,24.3229923248291,96.15116977,0.45623836,0.0707635
Pablo López,P,R,2022,26.0,180.0,32.0,3.75,3.7124310016632083,1.1666666666666667,174.0,0.23641304,0.07201087,2.99259090423584,23.94072723388672,93.56858407,0.35129741,0.08982036
Drew Rasmussen,P,R,2022,26.0,146.0,28.0,2.835616438356164,3.2562666181015643,1.0410958904109588,125.0,0.2140411,0.05308219,2.9684505462646484,23.747604370117188,95.46712018,0.39058824,0.06588235
George Kirby,P,R,2022,24.0,130.0,25.0,3.3923076923076922,2.989354078586285,1.2076923076923076,133.0,0.24538745,0.04059041,2.936988115310669,23.49590492248535,95.22840532,0.38743455,0.08900524
Adam Wainwright,P,R,2022,40.0,191.2,32.0,3.7095654142729604,3.66025711769508,1.2834783289889569,143.0,0.17808219,0.06724782,2.887044668197632,23.096357345581055,88.49007765,0.36560935,0.06510851
Chris Bassitt,P,R,2022,33.0,181.2,30.0,3.418348815265554,3.6573851606185865,1.1449541925527138,167.0,0.22416107,0.06577181,2.8358893394470215,22.687114715576172,92.94200743,0.32751938,0.06589147
Miles Mikolas,P,R,2022,33.0,202.1,32.0,3.2915981058085686,3.8735512843877125,1.0329489551261124,153.0,0.19006211,0.0484472,2.8212472684681416,22.569978147745132,93.30390275,0.35914333,0.06919275
Kyle Wright,P,R,2022,26.0,180.1,30.0,3.194085117814919,3.5837803680074236,1.1589649125404826,174.0,0.23577236,0.07181572,2.810457468032837,22.483659744262695,94.74380871,0.41035857,0.06772908
Jordan Montgomery,P,L,2022,29.0,178.1,32.0,3.482243089971613,3.6114964364578515,1.093457975111859,158.0,0.21823204,0.04972376,2.799029588699341,22.392236709594727,93.0633452,0.37547893,0.07088123
Taijuan Walker,P,R,2022,29.0,157.1,29.0,3.4894068924663637,3.6463293240077883,1.1949152928664415,132.0,0.20338983,0.06933744,2.671248435974121,21.36998748779297,93.52595495,0.4055794,0.07296137
Carlos Carrasco,P,R,2022,35.0,152.0,29.0,3.967105661402819,3.5334836755102734,1.3289475018298,152.0,0.23565891,0.06356589,2.506204605102539,20.049636840820312,92.90070922,0.3963964,0.06981982
Kyle Freeland,P,L,2022,29.0,174.2,31.0,4.53435140911722,4.2116677069037465,1.4083970285894396,131.0,0.17101828,0.0691906,2.4815375804901123,19.8523006439209,90.01397516,0.42402827,0.09717314
Jameson Taillon,P,R,2022,30.0,177.1,32.0,3.9078948489280885,3.941378393860075,1.1278195812202276,151.0,0.20741758,0.04395604,2.4062910079956055,19.250328063964844,94.15942029,0.36111111,0.08333333
Ranger Suarez,P,L,2022,26.0,155.1,29.0,3.650214711797975,3.8656499104469173,1.3326180693865624,129.0,0.19486405,0.08761329,2.329057216644287,18.632457733154297,92.79338285,0.34883721,0.06765328
Joe Ryan,P,R,2022,26.0,147.0,27.0,3.5510204081632653,3.9899820220713713,1.1020408163265305,151.0,0.25,0.07781457,2.163996458053589,17.31197166442871,92.08501742,0.35353535,0.08585859
Mitch Keller,P,R,2022,26.0,159.0,29.0,3.905660400784453,3.879726603749687,1.3962264234688382,138.0,0.20087336,0.08733624,2.089738432317972,16.717907458543777,95.11840325,0.37316562,0.07127883
Cal Quantrill,P,R,2022,27.0,186.1,32.0,3.3810376593748486,4.121375573032211,1.2075134497767317,128.0,0.16623377,0.06103896,2.0562496185302734,16.449996948242188,93.63779528,0.35726496,0.07521368
Luis Garcia,P,R,2022,25.0,157.1,28.0,3.7182204591854697,3.932346282406671,1.131355968777801,157.0,0.24416796,0.07309487,2.0340464115142822,16.272371292114258,94.03739214,0.3630137,0.07762557
Frankie Montas,P,R,2022,29.0,144.1,27.0,4.0531179257405805,3.784486452597972,1.2471132079201788,142.0,0.23355263,0.07072368,2.0230356752872467,16.184285402297974,95.94227504,0.34052758,0.07913669
Marcus Stroman,P,R,2022,31.0,138.2,25.0,3.504807949418871,3.761469510814851,1.1466346995012355,119.0,0.20913884,0.06326889,1.9534189701080322,15.627351760864258,92.12392755,0.40731707,0.06585366
Zack Greinke,P,R,2022,38.0,137.0,26.0,3.678832116788321,4.0321390308602885,1.3430656934306568,73.0,0.12478632,0.04615385,1.9352498054504395,15.481998443603516,89.21125265,0.39626556,0.06846473
JT Brubaker,P,R,2022,28.0,144.0,28.0,4.6875,3.9179865572187635,1.4652777777777777,147.0,0.22755418,0.08359133,1.8849807977676392,15.079846382141113,93.14298246,0.41284404,0.07568807
Kyle Gibson,P,R,2022,34.0,167.2,31.0,5.045725952253153,4.275452941012339,1.3359841764831044,144.0,0.2005571,0.06685237,1.8429901599884033,14.743921279907227,91.79584463,0.37524178,0.0754352
Lucas Giolito,P,R,2022,27.0,161.2,30.0,4.898969380422022,4.05882281379019,1.4350516366892792,177.0,0.25358166,0.08739255,1.7558993101119995,14.047194480895996,92.64557927,0.39035088,0.0745614
Alex Wood,P,L,2022,31.0,130.2,26.0,5.096939172311835,3.7629412563876916,1.2397960148866627,131.0,0.23603604,0.05405405,1.7295827865600586,13.836662292480469,92.44357213,0.39790576,0.07068063
Robbie Ray,P,L,2022,30.0,189.0,32.0,3.7142857142857144,4.165341054573261,1.1904761904761905,212.0,0.27354839,0.08,1.628689169883728,13.029513359069824,93.42647059,0.39068826,0.07894737
Jordan Lyles,P,R,2022,31.0,179.0,32.0,4.424581005586592,4.3973472027805265,1.3854748603351956,144.0,0.18604651,0.06718346,1.5281107425689697,12.224885940551758,91.46023114,0.3877193,0.10350877
Nick Pivetta,P,R,2022,29.0,179.2,33.0,4.558441816535444,4.420408812268617,1.3803340299154947,175.0,0.22639069,0.09443726,1.5073416233062744,12.058732986450195,93.47870312,0.45576923,0.09038462
Charlie Morton,P,R,2022,38.0,172.0,31.0,4.343023255813954,4.25777983887251,1.2325581395348837,205.0,0.28159341,0.08653846,1.4062607288360596,11.250085830688477,94.91875,0.42081448,0.09502262
Cole Irvin,P,L,2022,28.0,181.0,30.0,3.977900552486188,4.20635365359691,1.160220994475138,128.0,0.17273954,0.048583,1.3732439279556274,10.98595142364502,90.57560026,0.39473684,0.09649123
Germán Márquez,P,R,2022,27.0,181.2,31.0,4.9541287177761655,4.714265953744168,1.3651376911205433,150.0,0.19255456,0.08087291,1.2989870309829712,10.39189624786377,95.42540717,0.47153025,0.07117438
Eric Lauer,P,L,2022,27.0,158.2,29.0,3.6869750262973704,4.498985712407519,1.2226891540199827,157.0,0.23751891,0.0892587,1.0817686319351196,8.654149055480957,93.36402754,0.37697517,0.07900677
Sean Manaea,P,L,2022,30.0,158.0,28.0,4.955696202531645,4.5301525206505495,1.2974683544303798,156.0,0.23248882,0.07451565,1.078906461596489,8.631251692771912,91.22578534,0.42857143,0.09090909
Dakota Hudson,P,R,2022,27.0,139.2,26.0,4.446301039833745,4.336774766255109,1.4463008213307835,78.0,0.13087248,0.10234899,1.065492172143422,8.523937377147377,91.81229773,0.40401786,0.06026786
José Urquidy,P,R,2022,27.0,164.1,28.0,3.9432049901998645,4.5972180658742685,1.1683570341332932,134.0,0.19676946,0.05580029,1.0084300488233566,8.067440390586853,93.60215827,0.40836653,0.0936255
Dane Dunning,P,R,2022,27.0,153.1,29.0,4.460869713190152,4.4493875677509,1.4347826562892303,137.0,0.20417288,0.0923994,0.8901771903038025,7.12141752243042,89.52203722,0.37960954,0.08893709
José Berríos,P,R,2022,28.0,172.0,32.0,5.232558139534884,4.548477513291115,1.4186046511627908,149.0,0.19787517,0.05976096,0.8826185464859009,7.060948371887207,93.98425736,0.43613139,0.09489051
Daniel Lynch IV,P,L,2022,25.0,131.2,27.0,5.1265826745592085,4.6314184607918625,1.5721520201981571,122.0,0.20333333,0.08666667,0.8039488196372986,6.431590557098389,94.04174067,0.47743468,0.08788599
Dylan Bundy,P,R,2022,29.0,140.0,29.0,4.885714285714286,4.662431001663208,1.2785714285714285,94.0,0.15798319,0.04705882,0.7540605664253235,6.032484531402588,89.15913556,0.38297872,0.0893617
Patrick Corbin,P,L,2022,32.0,152.2,31.0,6.307860682315789,4.8351385400319025,1.6965066632604249,128.0,0.17952314,0.0687237,0.7161686420440674,5.729349136352539,92.67564259,0.44990548,0.10964083
Chad Kuhl,P,R,2022,29.0,137.0,27.0,5.7153284671532845,5.2584164031230625,1.5547445255474452,110.0,0.17828201,0.09400324,0.4475225508213043,3.5801804065704346,92.78731343,0.44594595,0.09684685
Zach Davies,P,R,2022,29.0,134.1,27.0,4.086848789976089,4.832034044440032,1.2952854088448804,102.0,0.17894737,0.09122807,0.4430263042449951,3.544210433959961,89.62124899,0.34541063,0.07971014
Madison Bumgarner,P,L,2022,32.0,158.2,30.0,4.878151573254983,4.845624390093596,1.4369748820441035,112.0,0.16045845,0.07020057,0.3629327118396759,2.9034616947174072,91.22246696,0.43181818,0.09848485
James Kaprielian,P,R,2022,28.0,134.0,26.0,4.231343283582089,4.6348190613647,1.3432835820895523,98.0,0.16984402,0.10225303,0.3121914863586426,2.4975318908691406,94.07749382,0.36385542,0.07951807
Glenn Otto Jr.,P,R,2022,26.0,135.2,27.0,4.643734991930087,5.205797251993596,1.3341524341894377,107.0,0.18228279,0.10562181,0.008731392212212086,0.06985113769769669,92.19086022,0.38024691,0.08888889
Marco Gonzales,P,L,2022,30.0,183.0,32.0,4.131147540983607,5.052321712045722,1.3333333333333333,103.0,0.13154534,0.06385696,-0.07390683144330978,-0.5912546515464783,88.48846154,0.34991974,0.07223114
Josiah Gray,P,R,2022,24.0,148.2,28.0,5.024664020942997,5.856825808282677,1.3587444875910113,154.0,0.23728814,0.10169492,-0.7301332354545593,-5.841065883636475,94.47623318,0.36817102,0.10688836
Zack Wheeler,P,R,2023,33.0,192.0,32.0,3.609375,3.1508736928304044,1.078125,212.0,0.26937738,0.04955527,5.898625373840332,47.189002990722656,95.64850976,0.36432638,0.0512334
Spencer Strider,P,R,2023,24.0,186.2,32.0,3.857143067340473,2.853254623315771,1.092857202413134,281.0,0.36828309,0.07601573,5.482946395874023,43.86357116699219,97.30583058,0.36144578,0.08192771
Sonny Gray,P,R,2023,33.0,184.0,32.0,2.7880434782608696,2.825692533410114,1.1467391304347827,183.0,0.24270557,0.0729443,5.388218879699707,43.105751037597656,92.89983444,0.39215686,0.06862745
Gerrit Cole,P,R,2023,32.0,209.0,33.0,2.626794258373206,3.1641312685879797,0.9808612440191388,222.0,0.27040195,0.05846529,5.304294109344482,42.43435287475586,96.69833045,0.39154412,0.07536765
Kevin Gausman,P,R,2023,32.0,185.0,31.0,3.1621621621621623,2.968553873010584,1.1783783783783783,237.0,0.31061599,0.07208388,5.267674446105957,42.141395568847656,94.6974359,0.43162393,0.0982906
Zac Gallen,P,R,2023,27.0,210.0,34.0,3.4714285714285715,3.26456416902088,1.119047619047619,220.0,0.26004728,0.05555556,5.154488563537598,41.23590850830078,93.5882716,0.46167247,0.09233449
Logan Webb,P,R,2023,26.0,216.0,33.0,3.25,3.162447766904478,1.0740740740740742,194.0,0.22823529,0.03647059,4.9345703125,39.4765625,92.38260135,0.45967742,0.06935484
Zach Eflin,P,R,2023,29.0,177.2,31.0,3.495309468416154,3.0073855823468114,1.0243902145760708,186.0,0.26458037,0.0341394,4.887451648712158,39.099613189697266,92.40325866,0.35102041,0.08979592
Justin Steele,P,L,2023,27.0,173.1,30.0,3.063461628355221,3.0185018910176655,1.1711538805199808,176.0,0.24581006,0.05027933,4.8227972984313965,38.58237838745117,91.83990719,0.36619718,0.05432596
Pablo López,P,R,2023,27.0,194.0,32.0,3.6649484536082473,3.3323599471259366,1.1546391752577319,234.0,0.29213483,0.05992509,4.589748382568359,36.717987060546875,94.83272194,0.34705882,0.0627451
Framber Valdez,P,L,2023,29.0,198.0,31.0,3.4545454545454546,3.4974646019213127,1.1262626262626263,200.0,0.24752475,0.07054455,4.429919242858887,35.439353942871094,95.34557235,0.45471349,0.07948244
George Kirby,P,R,2023,25.0,190.2,31.0,3.3513987802038008,3.3442012034148556,1.0384615938659665,172.0,0.22721268,0.02509908,4.22995662689209,33.83965301513672,96.06624056,0.40892857,0.075
Jordan Montgomery,P,L,2023,30.0,188.2,32.0,3.1961131172869397,3.5624608583405903,1.1925795213757238,166.0,0.21364221,0.06177606,4.2108553647994995,33.686842918395996,93.34405145,0.37924866,0.07513417
Blake Snell,P,L,2023,30.0,180.0,32.0,2.25,3.4383736928304036,1.1888888888888889,234.0,0.31536388,0.13342318,4.14184045791626,33.13472366333008,95.55483452,0.33990148,0.07389163
Kyle Bradish,P,R,2023,26.0,168.2,30.0,2.8280634116712373,3.2668980677221073,1.043478323803224,168.0,0.25037258,0.06557377,3.885986328125,31.087890625,94.76950044,0.41906874,0.06873614
Jesús Luzardo,P,L,2023,25.0,178.2,32.0,3.576492740943837,3.5516821674313794,1.2145523079574532,208.0,0.28070175,0.07422402,3.847707509994507,30.781660079956055,96.76174497,0.40042373,0.09533898
Aaron Nola,P,R,2023,30.0,193.2,32.0,4.461273900425602,4.02956707832096,1.151463055318182,202.0,0.25472888,0.05674653,3.826824426651001,30.614595413208008,92.40629183,0.3853211,0.08256881
Dylan Cease,P,R,2023,27.0,177.0,33.0,4.576271186440678,3.723966913169386,1.4180790960451977,214.0,0.27295918,0.10076531,3.575666666030884,28.60533332824707,95.60298295,0.41493776,0.06224066
Kodai Senga,P,R,2023,30.0,166.1,29.0,2.9759519948084643,3.6337978861090567,1.2204409190830672,202.0,0.29106628,0.11095101,3.443965435028076,27.55172348022461,95.73249027,0.40487805,0.06829268
Corbin Burnes,P,R,2023,28.0,193.2,32.0,3.392427028448635,3.812699597050271,1.0688468719769673,200.0,0.25510204,0.08418367,3.395429849624634,27.16343879699707,95.406639,0.32352941,0.05294118
Justin Verlander,P,R,2023,40.0,162.1,27.0,3.215605699110627,3.846416120253048,1.1334702081156234,144.0,0.21524664,0.06726457,3.367594838142395,26.94075870513916,94.36482335,0.41263158,0.08210526
Luis Castillo,P,R,2023,30.0,197.0,33.0,3.33502538071066,3.8083398518828577,1.0964467005076142,219.0,0.27306733,0.06982544,3.268582344055176,26.148658752441406,96.19789579,0.41762452,0.09386973
Mitch Keller,P,R,2023,27.0,194.1,32.0,4.214408343579362,3.8004949192277326,1.2452830514605684,210.0,0.25454545,0.06666667,3.223628520965576,25.78902816772461,94.61089239,0.35583942,0.08576642
Merrill Kelly,P,R,2023,34.0,177.2,30.0,3.2926831153559366,3.8460347648173663,1.1932458469324079,187.0,0.25900277,0.09556787,3.162816047668457,25.302528381347656,92.31896552,0.41774892,0.07792208
Eduardo Rodriguez,P,L,2023,30.0,152.2,26.0,3.301310263641908,3.6611539236752417,1.152838504763841,143.0,0.23027375,0.07729469,3.06941294670105,24.5553035736084,92.24067022,0.37002342,0.07494145
Braxton Garrett,P,L,2023,25.0,159.2,30.0,3.663883323200095,3.6809276517664835,1.1461378600779786,156.0,0.23672231,0.04400607,3.0580912679433823,24.464730143547058,90.56499488,0.45140389,0.07775378
Tanner Bibee,P,R,2023,24.0,142.0,25.0,2.9788732394366195,3.5156037397787605,1.176056338028169,141.0,0.24102564,0.07692308,3.035902738571167,24.287221908569336,94.94246575,0.38071066,0.06091371
Sandy Alcantara,P,R,2023,27.0,184.2,28.0,4.142599506177083,4.02940863320076,1.2129964567106752,151.0,0.19816273,0.06299213,3.026453733444214,24.21162986755371,97.83065693,0.40501792,0.06989247
Miles Mikolas,P,R,2023,34.0,201.1,35.0,4.783112703616735,4.273252305749854,1.316225198814574,137.0,0.15930233,0.04534884,3.020484685897827,24.163877487182617,93.04534161,0.42899408,0.09763314
Logan Gilbert,P,R,2023,26.0,190.2,32.0,3.729021177973243,3.847697733774112,1.0751748825379956,189.0,0.24545455,0.04675325,3.011751174926758,24.094009399414062,95.7189277,0.44567219,0.09023941
Freddy Peralta,P,R,2023,27.0,165.2,30.0,3.857143093985243,3.8465896915949642,1.1167002697766353,210.0,0.30882353,0.07941176,3.0011982917785645,24.009586334228516,94.49208534,0.37560976,0.08536585
José Berríos,P,R,2023,29.0,189.2,32.0,3.6537787548409115,3.9931774816871535,1.1862918035197765,184.0,0.23529412,0.06649616,2.93272066116333,23.46176528930664,94.04068241,0.3575419,0.08566108
Seth Lugo,P,R,2023,33.0,146.1,26.0,3.567198301665436,3.8290722701098994,1.202733526998308,140.0,0.23178808,0.05960265,2.868997097015381,22.951976776123047,93.38762215,0.44235294,0.09647059
Marcus Stroman,P,R,2023,32.0,136.2,25.0,3.9512198062967294,3.5769916029731004,1.258536679042662,119.0,0.20695652,0.09043478,2.705122098326683,21.640976786613464,91.55894477,0.41396509,0.04987531
Kyle Gibson,P,R,2023,35.0,192.0,33.0,4.734375,4.130040359497071,1.3177083333333333,157.0,0.19454771,0.06815366,2.6890509128570557,21.512407302856445,92.02414654,0.44482173,0.07640068
Charlie Morton,P,R,2023,39.0,163.1,30.0,3.636734807126876,3.8734077256920445,1.426530656667613,183.0,0.25558659,0.11592179,2.667808771133423,21.342470169067383,94.80218778,0.39041096,0.07762557
Chris Bassitt,P,R,2023,34.0,200.0,33.0,3.6,4.28004035949707,1.175,186.0,0.2251816,0.07142857,2.6055550575256348,20.844440460205078,92.02812296,0.35325132,0.08260105
Yusei Kikuchi,P,L,2023,32.0,167.2,32.0,3.864811367683266,4.119851545166936,1.270377810673666,181.0,0.25857143,0.06857143,2.5668294429779053,20.534635543823242,95.12824548,0.42398287,0.08993576
Bailey Ober,P,R,2023,27.0,144.1,26.0,3.4295613217804912,3.961737843985172,1.0669746334428196,146.0,0.25303293,0.05025997,2.456719160079956,19.65375328063965,91.39134525,0.35696203,0.09620253
Reid Detmers,P,L,2023,23.0,148.2,28.0,4.479820934334721,4.129479881214058,1.35201802973165,168.0,0.26086957,0.0931677,2.421919345855713,19.375354766845703,94.3713268,0.41439206,0.06203474
Taijuan Walker,P,R,2023,30.0,172.2,31.0,4.378378636327243,4.534963214825536,1.3088803859920066,138.0,0.18826739,0.09686221,2.4178149700164795,19.342519760131836,92.64913793,0.40891473,0.06782946
Nathan Eovaldi,P,R,2023,33.0,144.0,25.0,3.625,3.8800403594970705,1.1388888888888888,132.0,0.2287695,0.08145581,2.3376877307891846,18.701501846313477,95.19374248,0.43112245,0.07908163
Joe Ryan,P,R,2023,27.0,161.2,29.0,4.509278634252088,4.133390930229302,1.1690722385098007,197.0,0.29315476,0.05059524,2.3311991691589355,18.649593353271484,92.31847969,0.41609195,0.08735632
Patrick Sandoval,P,L,2023,26.0,144.2,28.0,4.105991072131114,4.181307705735403,1.513824991240259,128.0,0.19631902,0.11349693,2.264293909072876,18.114351272583008,93.14641745,0.34977578,0.06950673
Max Scherzer,P,R,2023,38.0,152.2,27.0,3.7729258270417896,4.322725966802299,1.1200873549030312,174.0,0.28019324,0.07246377,2.1644004583358765,17.31520366668701,93.79597198,0.36934673,0.08542714
Cristian Javier,P,R,2023,26.0,162.0,31.0,4.555555555555555,4.576028013818058,1.2654320987654322,159.0,0.23144105,0.09024745,2.0027220249176025,16.02177619934082,92.78418549,0.38344227,0.09368192
Dane Dunning,P,R,2023,28.0,172.2,26.0,3.7007722552792504,4.26855388793818,1.2625482811437818,140.0,0.19390582,0.07617729,1.9458045847713947,15.566436678171158,90.98666667,0.40232108,0.0754352
Brady Singer,P,R,2023,26.0,159.2,29.0,5.524008702670913,4.2884433480919695,1.446764184032858,133.0,0.18945869,0.06980057,1.9239606857299805,15.391685485839844,92.13888889,0.48632813,0.078125
Clarke Schmidt,P,R,2023,27.0,159.0,32.0,4.6415096027395375,4.418562414384352,1.3522013070311663,149.0,0.21469741,0.06628242,1.8813673835247755,15.050939068198204,93.46686747,0.40983607,0.07581967
Hunter Brown,P,R,2023,24.0,155.2,29.0,5.087794765026069,4.372813451813403,1.3618844573049578,178.0,0.26766917,0.08270677,1.848529355134815,14.78823484107852,95.75834658,0.44444444,0.10874704
Alex Cobb,P,R,2023,35.0,151.1,28.0,3.865638896442662,4.008344349573076,1.3215859475017648,131.0,0.20278638,0.05727554,1.8322399854660034,14.657919883728027,94.59240759,0.43432203,0.06991525
Bryce Miller,P,R,2023,24.0,131.1,25.0,4.317259050447069,3.978390641318008,1.1421320239277961,119.0,0.22160149,0.04841713,1.8310600519180298,14.648480415344238,95.14244396,0.42077922,0.10909091
Johan Oviedo,P,R,2023,25.0,177.2,32.0,4.305816381619302,4.487685833450831,1.3733584276014505,158.0,0.20230474,0.10627401,1.7989912033081055,14.391929626464844,95.82410917,0.40037951,0.07590133
Bryce Elder,P,R,2023,24.0,174.2,31.0,3.812977321303117,4.422979358815143,1.2767176316075002,128.0,0.17486339,0.08606557,1.7952616214752197,14.362092971801758,89.84536082,0.40900563,0.06003752
Jack Flaherty,P,R,2023,27.0,144.1,27.0,4.988452831680715,4.356657026493229,1.5796767300322263,148.0,0.22769231,0.10153846,1.7645461075007915,14.116368860006332,93.00862069,0.38443396,0.07311321
Michael Lorenzen,P,R,2023,31.0,153.0,25.0,4.176470666333192,4.464190708904958,1.2091503494078881,111.0,0.17788462,0.07532051,1.7358619775623083,13.886895820498466,94.1967509,0.40086207,0.07974138
Jon Gray,P,R,2023,31.0,157.1,29.0,4.118644200943905,4.469023449590104,1.2902542789994023,142.0,0.21646341,0.08231707,1.6791983842849731,13.433587074279785,95.75246548,0.39467849,0.06430155
Dean Kremer,P,R,2023,27.0,172.2,32.0,4.117760860355384,4.511797190294705,1.3088803859920066,157.0,0.21360544,0.07482993,1.6135278940200806,12.908223152160645,93.90668432,0.4034749,0.08880309
Brayan Bello,P,R,2023,24.0,157.0,28.0,4.24203821656051,4.535295136567134,1.3375796178343948,132.0,0.19760479,0.06736527,1.5732624530792236,12.586099624633789,95.23489933,0.44329897,0.07010309
Josiah Gray,P,R,2023,25.0,159.0,30.0,3.9056603773584904,4.934285642515939,1.4591194968553458,143.0,0.20487106,0.11461318,1.5668572187423706,12.534857749938965,93.35788382,0.36695279,0.0944206
Jameson Taillon,P,R,2023,31.0,154.1,29.0,4.8401729456915294,4.609252067193897,1.2764579254367219,140.0,0.21374046,0.06259542,1.5351220145821571,12.280976116657257,93.80212955,0.38379531,0.10660981
Graham Ashcraft,P,R,2023,25.0,145.2,26.0,4.757437403170407,5.060532476428985,1.3729978075527869,111.0,0.17788462,0.08333333,1.4479624032974243,11.583699226379395,96.66968326,0.38802661,0.06873614
MacKenzie Gore,P,L,2023,24.0,136.1,27.0,4.4229830500962475,4.890737242036811,1.4009780473770868,151.0,0.25945017,0.09793814,1.1917304992675781,9.533843994140625,95.04921394,0.43699732,0.12064343
Kyle Freeland,P,L,2023,30.0,155.2,29.0,5.0299789154235,5.297867045454508,1.4710921732209215,94.0,0.13884786,0.0620384,1.1750473976135254,9.400379180908203,88.77601411,0.43518519,0.08703704
Andrew Heaney,P,L,2023,32.0,147.1,28.0,4.15384648545796,4.6600178472254985,1.3778281642940617,151.0,0.23556942,0.09360374,1.1735990345478058,9.388792276382446,92.5498008,0.38571429,0.10238095
Zack Greinke,P,R,2023,39.0,142.1,27.0,5.05854805455932,4.744501731117315,1.2716627748267177,97.0,0.16357504,0.03878583,1.0832397852791473,8.665918282233179,89.68471338,0.3880597,0.07675906
Tyler Anderson,P,L,2023,33.0,141.0,25.0,5.425531951590004,4.921707037436484,1.4893617122011773,119.0,0.18918919,0.10174881,1.0549728944897652,8.439783155918121,89.97219559,0.32346241,0.08200456
Austin Gomber,P,L,2023,29.0,139.0,27.0,5.503597122302159,5.427702230000667,1.4892086330935252,87.0,0.14427861,0.07131012,0.925049901008606,7.400399208068848,90.63552361,0.44255319,0.0893617
Lucas Giolito,P,R,2023,28.0,184.1,33.0,4.8824593970393515,5.267698622054403,1.3128390823150256,204.0,0.25692695,0.09193955,0.8758012652397156,7.006410121917725,93.14424514,0.41535433,0.11023622
Patrick Corbin,P,L,2023,33.0,180.0,32.0,5.2,5.277262581719293,1.4833333333333334,124.0,0.15696203,0.0721519,0.8303897976875305,6.643118381500244,92.06253653,0.43966942,0.09256198
Ryne Nelson,P,R,2023,25.0,144.0,27.0,5.312500211099792,5.067540431519353,1.4236111676803365,96.0,0.15508885,0.07431341,0.7269482985138893,5.8155863881111145,94.4155642,0.42647059,0.11554622
Rich Hill,P,L,2023,43.0,146.1,27.0,5.412300730401569,4.867796637748043,1.5239180086863005,129.0,0.19545455,0.08787879,0.7117964774370193,5.694371819496155,88.12807377,0.39699571,0.10085837
JP Sears,P,L,2023,27.0,172.1,32.0,4.543520443575668,5.15252590872982,1.2649903661551667,161.0,0.21904762,0.07210884,0.5620465278625488,4.496372222900391,93.13046495,0.38415842,0.11089109
Lance Lynn,P,R,2023,36.0,183.2,32.0,5.7332124205824675,5.5309024599752,1.39382942038852,191.0,0.23638614,0.08292079,0.4776228070259094,3.8209824562072754,92.23012785,0.39186691,0.10351201
Jordan Lyles,P,R,2023,32.0,177.2,31.0,6.2814262508328635,5.619017980778255,1.243902510245576,120.0,0.16042781,0.06016043,0.1909281313419342,1.5274250507354736,91.05537459,0.35355286,0.09878683
Trevor Williams,P,R,2023,31.0,144.1,30.0,5.549653775244796,5.984832603500129,1.6004619501642294,111.0,0.16843703,0.08042489,-0.15717574954032898,-1.2574059963226318,89.34455446,0.38571429,0.10204082
Chris Sale,P,L,2024,35.0,177.2,29.0,2.380863175718908,2.0858042942755386,1.0131332662633652,225.0,0.32051282,0.05555556,6.467057228088379,51.73645782470703,94.75175644,0.31162791,0.05581395
Tarik Skubal,P,L,2024,27.0,192.0,31.0,2.390625,2.4946047782897955,0.921875,228.0,0.30278884,0.04648074,6.044589996337891,48.356719970703125,96.80459016,0.33679834,0.06652807
Zack Wheeler,P,R,2024,34.0,200.0,32.0,2.565,3.126479778289795,0.955,224.0,0.28462516,0.0660737,5.474980354309082,43.799842834472656,95.11181435,0.33200795,0.08349901
Cole Ragans,P,L,2024,26.0,186.1,32.0,3.1395349694195023,2.9947445320993267,1.143112732455306,223.0,0.29265092,0.08792651,4.985776424407959,39.88621139526367,95.44785276,0.35407725,0.06223176
Seth Lugo,P,R,2024,34.0,206.2,33.0,3.004838857581298,3.2487378468548225,1.0887097310077165,181.0,0.21650718,0.05741627,4.829176902770996,38.63341522216797,92.19838946,0.38963211,0.08026756
Dylan Cease,P,R,2024,28.0,189.1,33.0,3.470070515755412,3.0978178046142695,1.066901437112014,224.0,0.29396325,0.08530184,4.798486232757568,38.38788986206055,96.91714697,0.38428875,0.08492569
Cristopher Sánchez,P,L,2024,27.0,181.2,31.0,3.319266240910031,2.995837566899727,1.244036766908237,153.0,0.20291777,0.05835544,4.729400634765625,37.835205078125,94.52870091,0.34470377,0.05385996
Garrett Crochet,P,L,2024,25.0,146.0,32.0,3.5753424657534247,2.6870277234952744,1.0684931506849316,209.0,0.3512605,0.05546218,4.562886714935303,36.50309371948242,97.23656716,0.38793103,0.09195402
Logan Webb,P,R,2024,27.0,204.2,33.0,3.473941540743131,2.9466100605212424,1.2312704195038946,172.0,0.20451843,0.05945303,4.462765216827393,35.70212173461914,92.61898212,0.46191248,0.06969206
George Kirby,P,R,2024,26.0,191.0,33.0,3.5340314136125652,3.26072061598613,1.068062827225131,179.0,0.23007712,0.02956298,4.193484306335449,33.547874450683594,96.05964912,0.36203866,0.08084359
Logan Gilbert,P,R,2024,27.0,208.2,33.0,3.2348244388482548,3.2671187608317407,0.8865815128695217,220.0,0.2739726,0.04607721,4.064304828643799,32.51443862915039,96.61382114,0.39298893,0.07195572
Michael King,P,R,2024,29.0,173.2,30.0,2.9539348328033785,3.3334663477855027,1.191938616745223,201.0,0.2768595,0.08677686,3.950786270201206,31.60629016160965,93.31547619,0.3032967,0.06153846
Corbin Burnes,P,R,2024,29.0,194.1,32.0,2.917667314785712,3.547268810554597,1.0960549171946325,181.0,0.23086735,0.06122449,3.8748645782470703,30.998916625976562,97.0,0.3164557,0.06690778
Tanner Houck,P,R,2024,28.0,178.2,30.0,3.1231345061763083,3.317599189878971,1.141791109784887,154.0,0.20726783,0.06460296,3.8452086448669434,30.761669158935547,93.58803612,0.41714286,0.05714286
Sonny Gray,P,R,2024,34.0,166.1,28.0,3.8416834842072904,3.124395608666241,1.0881763859804687,203.0,0.30253353,0.05812221,3.8443148136138916,30.754518508911133,92.56756757,0.37793427,0.08920188
Hunter Greene,P,R,2024,24.0,150.1,26.0,2.75388035924807,3.472466484872914,1.0177383936351563,169.0,0.27659574,0.09328969,3.616331100463867,28.930648803710938,97.67161017,0.32513661,0.05191257
Yusei Kikuchi,P,L,2024,33.0,175.2,32.0,4.047438476657994,3.456802369442478,1.2011385633963947,206.0,0.2798913,0.05978261,3.6065783500671387,28.85262680053711,95.57569141,0.45041322,0.09710744
Framber Valdez,P,L,2024,30.0,176.1,28.0,2.9092628438408847,3.2458748656460767,1.1058601453196346,169.0,0.24039829,0.07823613,3.6065073013305664,28.85205841064453,94.1529027,0.45031712,0.05285412
Reynaldo López,P,R,2024,30.0,135.2,25.0,1.9901719155586892,2.915865537071293,1.1056510641992718,148.0,0.27255985,0.07734807,3.569022484123707,28.552179872989655,95.54935622,0.42165242,0.08831909
Ranger Suarez,P,L,2024,28.0,150.2,27.0,3.4646020038302265,3.3655948359811876,1.201327514738067,145.0,0.23162939,0.06549521,3.500885248184204,28.007081985473633,91.24146545,0.34252874,0.05057471
Michael Wacha,P,R,2024,32.0,166.2,29.0,3.3480002043457158,3.652479807952883,1.194000072875981,145.0,0.21167883,0.06569343,3.4459779262542725,27.56782341003418,93.64011799,0.3244898,0.08163265
Max Fried,P,L,2024,30.0,174.1,29.0,3.2523901522515013,3.3328277754948985,1.1644359804357227,166.0,0.232493,0.07983193,3.4205620288848877,27.3644962310791,93.78445748,0.34504132,0.04958678
Erick Fedde,P,R,2024,31.0,177.1,31.0,3.298872275069166,3.8600888207402355,1.1616541686568345,154.0,0.21212121,0.07162534,3.3537257313728333,26.829805850982666,93.04661487,0.37669903,0.07572816
Jack Flaherty,P,R,2024,28.0,162.0,28.0,3.166666741233796,3.4751217608661884,1.0679012597143211,194.0,0.29892142,0.05855162,3.3500654101371765,26.800523281097412,93.24539363,0.34866828,0.07748184
MacKenzie Gore,P,L,2024,25.0,166.1,32.0,3.895791702294717,3.533213256437909,1.418837718736965,181.0,0.24760602,0.08891929,3.3375535011291504,26.700428009033203,96.05431503,0.37974684,0.06751055
Tanner Bibee,P,R,2024,25.0,173.2,31.0,3.4721691093324223,3.558034503720317,1.1170825990223714,187.0,0.26338028,0.06197183,3.2688865661621094,26.151092529296875,94.67522053,0.36942675,0.07006369
Brandon Pfaadt,P,R,2024,25.0,181.2,32.0,4.706422281887357,3.606846775425454,1.2385321794440414,185.0,0.24342105,0.05526316,3.222963333129883,25.783706665039062,93.78534704,0.39319471,0.08128544
Aaron Nola,P,R,2024,31.0,199.1,33.0,3.5668897231211,3.944071771375267,1.1989966861124373,197.0,0.2402439,0.06097561,3.2108566761016846,25.686853408813477,92.12402597,0.38245614,0.07192982
Pablo López,P,R,2024,28.0,185.1,32.0,4.079136802594762,3.6466956188069033,1.192446075890797,198.0,0.25647668,0.05310881,3.143217086791992,25.145736694335938,94.99374131,0.37333333,0.08190476
Hunter Brown,P,R,2024,25.0,170.0,30.0,3.4941176470588236,3.5841268371133244,1.2705882352941176,179.0,0.25140449,0.08426966,3.125768207013607,25.006145656108856,95.87843137,0.3034188,0.04487179
Nestor Cortes,P,L,2024,29.0,174.1,30.0,3.768642454290741,3.8376078865881462,1.1529636732305006,162.0,0.22816901,0.05492958,3.110889256000519,24.88711404800415,92.07302075,0.43564356,0.07920792
Shota Imanaga,P,L,2024,30.0,173.1,29.0,2.907692393015125,3.720325948387914,1.021153876118407,174.0,0.25072046,0.04034582,3.104051351547241,24.83241081237793,91.70675575,0.39263804,0.08588957
Kevin Gausman,P,R,2024,33.0,181.0,31.0,3.8287292817679557,3.7742145849196294,1.2209944751381216,162.0,0.21428571,0.07407407,2.962238311767578,23.697906494140625,93.9181601,0.41604478,0.09701493
Zac Gallen,P,R,2024,28.0,148.0,28.0,3.6486486486486487,3.3759392377492548,1.2635135135135136,156.0,0.25120773,0.08695652,2.9100050926208496,23.280040740966797,93.72984563,0.41031941,0.07371007
Bailey Ober,P,R,2024,28.0,178.2,31.0,3.9794778385149736,3.8157335465988487,1.0018657286837978,191.0,0.26939351,0.0606488,2.8782012462615967,23.025609970092773,91.78501946,0.34328358,0.08315565
Zach Eflin,P,R,2024,30.0,165.1,28.0,3.592741963115369,3.7652701054756896,1.1491935572254546,134.0,0.19590643,0.03508772,2.824967682361603,22.599741458892822,91.9339207,0.36137667,0.07456979
Sean Manaea,P,L,2024,32.0,181.2,32.0,3.4678901024433157,3.8325348614574795,1.0844037304465606,184.0,0.24932249,0.08536585,2.79789662361145,22.3831729888916,92.37149672,0.37759336,0.0746888
Bryce Miller,P,R,2024,25.0,180.1,31.0,2.9445472179856282,3.5823762780052792,0.9759704526656696,171.0,0.24289773,0.06392045,2.7941648960113525,22.35331916809082,95.07042254,0.41237113,0.09690722
Nathan Eovaldi,P,R,2024,34.0,170.2,29.0,3.796875226311399,3.8344485681038374,1.1074219410074915,166.0,0.23850575,0.06034483,2.6053545475006104,20.842836380004883,95.48469388,0.42619543,0.07692308
Brady Singer,P,R,2024,27.0,179.2,32.0,3.7068647738859655,3.9345688755814816,1.2745826324622913,170.0,0.22309711,0.07086614,2.598396062850952,20.787168502807617,92.16357827,0.41666667,0.07954545
Mitchell Parker,P,L,2024,24.0,151.0,29.0,4.291390728476821,3.8485989835878085,1.304635761589404,133.0,0.20588235,0.06656347,2.5384373664855957,20.307498931884766,92.50556031,0.38888889,0.08119658
Ryan Feltner,P,R,2024,27.0,162.1,30.0,4.490759894298887,4.158266257003266,1.336755688700766,138.0,0.19942197,0.07514451,2.389403820037842,19.115230560302734,94.52693208,0.36767677,0.06464646
Jameson Taillon,P,R,2024,32.0,165.1,28.0,3.266129132736241,3.9225281886454066,1.1310484218919945,125.0,0.18518519,0.04888889,2.35503888130188,18.84031105041504,92.39821251,0.3875969,0.07170543
Luis Castillo,P,R,2024,31.0,175.1,30.0,3.6444867977385083,3.9136280889372825,1.1692015548300378,175.0,0.2433936,0.06536857,2.3304452896118164,18.64356231689453,95.62230812,0.41869919,0.08536585
Chris Bassitt,P,R,2024,35.0,171.0,31.0,4.157894736842105,4.078760480044181,1.4619883040935673,168.0,0.22163588,0.09234828,2.2872073650360107,18.297658920288086,92.57303371,0.37103175,0.07539683
Zack Littell,P,R,2024,28.0,156.1,29.0,3.626865789640896,3.8828977120460215,1.247334795379144,141.0,0.21493902,0.0472561,2.2770373821258545,18.216299057006836,92.15141612,0.39039666,0.0960334
Ryne Nelson,P,R,2024,26.0,150.2,25.0,4.241150728826656,3.7372762770051198,1.2544248634557715,126.0,0.2,0.05396825,2.241973400115967,17.935787200927734,95.23717472,0.41505376,0.07526882
Freddy Peralta,P,R,2024,28.0,173.2,32.0,3.6794627875015222,4.156882907319939,1.214971280380002,200.0,0.27586207,0.0937931,2.2192182540893555,17.753746032714844,94.38559322,0.36912752,0.08724832
Mitch Keller,P,R,2024,28.0,178.0,31.0,4.247191011235955,4.076592137840357,1.303370786516854,166.0,0.21474774,0.06468305,2.2087273597717285,17.669818878173828,93.99135063,0.39114391,0.07195572
Andrew Heaney,P,L,2024,33.0,160.0,31.0,4.27500028029086,4.04147983565927,1.250000081956392,159.0,0.22943723,0.05916306,2.1521574165672064,17.21725933253765,91.60854093,0.4012474,0.08316008
Ronel Blanco,P,R,2024,30.0,167.1,29.0,2.7968128340158906,4.146559489355193,1.087649435450624,166.0,0.24556213,0.10059172,2.1414493173360825,17.13159453868866,93.50995261,0.35454545,0.09318182
Luis Gil,P,R,2024,26.0,151.2,29.0,3.501099135923223,4.1357106125284275,1.1934066734502888,171.0,0.26844584,0.12087912,2.1323795318603516,17.059036254882812,96.62193252,0.37270341,0.09448819
Luis Severino,P,R,2024,30.0,182.0,31.0,3.9065934065934065,4.210435822245839,1.2417582417582418,161.0,0.21156373,0.07884363,2.123741388320923,16.989931106567383,95.97283237,0.35349716,0.05671078
Tobias Myers,P,R,2024,25.0,138.0,25.0,3.0,3.912856589883998,1.173913043478261,127.0,0.22319859,0.06326889,2.0952190160751343,16.761752128601074,92.96896552,0.3840399,0.07730673
Gavin Stone,P,R,2024,25.0,140.1,25.0,3.527316042333899,4.014460806648854,1.2114014690843693,116.0,0.2,0.0637931,2.0883922576904297,16.707138061523438,95.13596059,0.36235294,0.06352941
Miles Mikolas,P,R,2024,35.0,171.2,32.0,5.3475731324174385,4.238324501998737,1.2757282309361864,122.0,0.16944444,0.03472222,1.9768903255462646,15.815122604370117,92.8826937,0.42253521,0.08098592
Nick Pivetta,P,R,2024,31.0,145.2,26.0,4.139588389771652,4.06579334223687,1.1258582021932853,172.0,0.28907563,0.0605042,1.9750322550535202,15.800258040428162,93.9810834,0.38860104,0.10103627
Jake Irvin,P,R,2024,27.0,187.2,33.0,4.412078391911096,4.4080429006512505,1.1989343456280153,156.0,0.20286086,0.06762029,1.9540293216705322,15.632234573364258,93.79105323,0.39138241,0.09156194
Brayan Bello,P,R,2024,25.0,162.1,30.0,4.490759894298887,4.189067079323561,1.3613963465570014,153.0,0.21794872,0.09116809,1.9407154321670532,15.525723457336426,95.70819672,0.41139241,0.07383966
Ryan Pepiot,P,R,2024,26.0,130.0,26.0,3.6,3.9510951629051796,1.1538461538461537,142.0,0.26345083,0.0890538,1.8991831541061401,15.193465232849121,94.95600367,0.37134503,0.09064327
Patrick Corbin,P,L,2024,34.0,174.2,32.0,5.616412540838375,4.414571454031656,1.5000000873594845,139.0,0.18193717,0.07068063,1.8684451580047607,14.947561264038086,91.47658863,0.4665493,0.08274648
Matt Waldron,P,R,2024,27.0,146.2,26.0,4.909091249576308,4.257388944862308,1.2613637238494682,133.0,0.2128,0.064,1.8118577152490616,14.494861721992493,90.42769608,0.34920635,0.07029478
Kutter Crawford,P,R,2024,28.0,183.2,33.0,4.361161766047359,4.647423598970047,1.1215971583093083,175.0,0.23056653,0.06719368,1.789570927619934,14.316567420959473,92.61764706,0.36259542,0.09923664
Simeon Woods Richardson,P,R,2024,23.0,133.2,28.0,4.1745639087221456,4.116604538877094,1.2942644376504142,117.0,0.2056239,0.08435852,1.7800289392471313,14.24023151397705,93.11809317,0.36159601,0.08229426
Bailey Falter,P,L,2024,27.0,142.1,28.0,4.426229666367458,4.3046531210699985,1.2857143316591189,97.0,0.16468591,0.07640068,1.7117148637771606,13.693718910217285,91.92915735,0.41163311,0.08948546
Carlos Rodón,P,L,2024,31.0,175.0,32.0,3.96,4.389336921146938,1.2228571428571429,195.0,0.26494565,0.07744565,1.6616040468215942,13.292832374572754,95.48727984,0.4092827,0.10970464
Spencer Arrighetti,P,R,2024,24.0,145.0,28.0,4.531034810568599,4.180272955083682,1.4068966535098844,171.0,0.27056962,0.1028481,1.6193659119307995,12.954927295446396,94.17996109,0.39845758,0.07712082
Taj Bradley,P,R,2024,23.0,138.0,25.0,4.108695652173913,4.094016010173853,1.2246376811594204,154.0,0.26643599,0.08131488,1.5263032913208008,12.210426330566406,96.38935282,0.42780749,0.10160428
Kyle Gibson,P,R,2024,36.0,169.2,30.0,4.243615185667697,4.421882604049823,1.3497053854415315,151.0,0.20914127,0.09418283,1.4660032987594604,11.728026390075684,90.97416974,0.39078156,0.09218437
Tyler Anderson,P,L,2024,34.0,179.1,31.0,3.8141265022285347,4.660903612496297,1.2881041257526191,142.0,0.18562092,0.09542484,1.3130638599395752,10.504510879516602,89.40432346,0.32965009,0.07918969
Frankie Montas,P,R,2024,31.0,150.2,30.0,4.838495779395981,4.7063028521167745,1.3672566948636105,148.0,0.2259542,0.10076336,1.212335467338562,9.698683738708496,95.38344227,0.42988506,0.09195402
Chris Flexen,P,R,2024,29.0,160.0,30.0,4.950000177025801,4.797729836627844,1.5187500543147345,123.0,0.17397454,0.08910891,1.2080327272415161,9.664261817932129,91.36023055,0.37379576,0.08092486
JP Sears,P,L,2024,28.0,180.2,32.0,4.383764084468382,4.710760308045702,1.223247301347869,137.0,0.18073879,0.0646438,1.1916886568069458,9.533509254455566,91.51708767,0.39964158,0.10035842
Austin Gomber,P,L,2024,30.0,165.0,30.0,4.745454545454545,4.833146444956462,1.309090909090909,116.0,0.16666667,0.0545977,1.1872581243515015,9.498064994812012,90.46886792,0.41219963,0.0961183
Charlie Morton,P,R,2024,40.0,165.1,30.0,4.1915323870115095,4.4608346568186015,1.324596814943031,167.0,0.2382311,0.09272468,1.173398733139038,9.387189865112305,94.01757632,0.38359202,0.09312639
José Berríos,P,R,2024,30.0,192.1,32.0,3.6031196793401095,4.715873233475008,1.1542461310440177,153.0,0.19465649,0.06870229,1.0902990102767944,8.722392082214355,93.6625,0.41696113,0.07773852
Jose Quintana,P,L,2024,35.0,170.1,31.0,3.751467822393065,4.563740093985491,1.2504892741310216,135.0,0.18828452,0.08786611,1.0697896480560303,8.558317184448242,90.78739101,0.38188976,0.06692913
Javier Assad,P,R,2024,26.0,147.0,29.0,3.7346938775510203,4.635867533391836,1.401360544217687,124.0,0.19435737,0.09874608,1.0551378726959229,8.441102981567383,91.49270913,0.39686099,0.08744395
Marcus Stroman,P,R,2024,33.0,154.2,29.0,4.306034765969294,4.621221253279422,1.4676725103228674,113.0,0.16740741,0.08888889,0.9612864814698696,7.690291851758957,90.0148662,0.39878543,0.06680162
Andrew Abbott,P,L,2024,25.0,138.0,25.0,3.717391304347826,5.0432913724926935,1.2971014492753623,114.0,0.19453925,0.0887372,0.9336796402931213,7.469437122344971,92.85028022,0.33492823,0.09330144
Aaron Civale,P,R,2024,29.0,161.0,31.0,4.360248653826442,4.737908424184511,1.3043478878967991,149.0,0.21625544,0.0754717,0.8824155032634735,7.059324026107788,92.49945474,0.39419087,0.07261411
Ben Lively,P,R,2024,32.0,151.0,29.0,3.814569536423841,4.656546003455358,1.2450331125827814,118.0,0.18670886,0.07753165,0.7594444751739502,6.075555801391602,90.19931034,0.41521739,0.06521739
Colin Rea,P,R,2024,33.0,167.2,27.0,4.294234755280374,4.752960951768378,1.2644135668325545,135.0,0.18907563,0.06022409,0.7508470714092255,6.006776571273804,92.60404192,0.42015209,0.08745247
Martín Pérez,P,L,2024,33.0,135.0,26.0,4.533333461431813,4.899813160601958,1.4814815233437297,107.0,0.18135593,0.08305085,0.540174275636673,4.321394205093384,90.84444444,0.41491841,0.08624709
Cal Quantrill,P,R,2024,29.0,148.1,29.0,4.975281069475875,5.31704164978411,1.5168539845963034,110.0,0.16768293,0.10518293,0.45773646235466003,3.6618916988372803,93.89915174,0.41201717,0.07296137
Griffin Canning,P,R,2024,28.0,171.2,31.0,5.190291569699278,5.257742038134959,1.3980583352725329,130.0,0.1759134,0.08930988,-0.11129161715507507,-0.8903329372406006,93.48780488,0.41899441,0.08566108
Tarik Skubal,P,L,2025,28.0,195.1,31.0,2.2116041531508555,2.4491294744053644,0.8907850061302056,241.0,0.32219251,0.04411765,6.707743167877197,53.66194534301758,97.49571523,0.33049041,0.08102345
Paul Skenes,P,R,2025,23.0,187.2,32.0,1.966252326829945,2.362489739913177,0.9484902823190521,216.0,0.2946794,0.05729877,6.531432628631592,52.251461029052734,98.10365854,0.40085288,0.0575693
Cristopher Sánchez,P,L,2025,28.0,202.0,32.0,2.495049504950495,2.5509779023652035,1.0643564356435644,212.0,0.26270136,0.05452292,6.464985370635986,51.71988296508789,95.44402705,0.39816514,0.05688073
Garrett Crochet,P,L,2025,26.0,205.1,32.0,2.586039025097117,2.8867596886776856,1.0275974280517735,255.0,0.31326781,0.05651106,5.7270121574401855,45.816097259521484,96.32885086,0.37254902,0.07254902
Logan Webb,P,R,2025,28.0,207.0,34.0,3.217391304347826,2.6037353520232127,1.2367149758454106,224.0,0.26168224,0.05373832,5.537906646728516,44.303253173828125,92.6460177,0.40172414,0.08275862
Jesús Luzardo,P,L,2025,27.0,183.2,32.0,3.9201454076830196,2.8955718766261582,1.219600793501384,216.0,0.28496042,0.07519789,5.395531177520752,43.164249420166016,96.37020316,0.37136929,0.06639004
Yoshinobu Yamamoto,P,R,2025,26.0,173.2,30.0,2.487524138029198,2.9393589554915263,0.9904031290301437,201.0,0.29385965,0.08625731,4.926974296569824,39.415794372558594,95.31146179,0.39667458,0.05700713
Max Fried,P,L,2025,31.0,195.1,32.0,2.8566553644865214,3.068583415449933,1.1006826225172082,189.0,0.23595506,0.06367041,4.803399085998535,38.42719268798828,94.29132117,0.37205082,0.06896552
Hunter Brown,P,R,2025,26.0,185.1,31.0,2.4280576205921207,3.1405320018081033,1.0251798842500064,206.0,0.28257888,0.0781893,4.51728630065918,36.13829040527344,96.30747611,0.32244009,0.05882353
Ranger Suarez,P,L,2025,29.0,157.1,26.0,3.2033899340674816,3.211407507113156,1.2203390225018977,151.0,0.23195084,0.05837174,4.0915608406066895,32.732486724853516,90.59351145,0.31140351,0.05482456
Kevin Gausman,P,R,2025,34.0,193.0,32.0,3.5906735751295336,3.414929064320777,1.0621761658031088,189.0,0.24387097,0.06451613,4.055709362030029,32.445674896240234,94.51042945,0.41275797,0.08442777
Framber Valdez,P,L,2025,31.0,192.0,31.0,3.65625,3.374719651540121,1.2447916666666667,187.0,0.23316708,0.08478803,3.9531304836273193,31.625043869018555,94.28593041,0.46296296,0.06666667
Andrew Abbott,P,L,2025,26.0,166.1,29.0,2.867735558633611,3.6581824263852445,1.1482966282998317,149.0,0.21783626,0.0628655,3.8362791538238525,30.69023323059082,92.83927158,0.33742331,0.0797546
Michael Wacha,P,R,2025,33.0,172.2,31.0,3.857143084383524,3.6563718701505064,1.2220077940013867,126.0,0.17597765,0.06284916,3.75546932220459,30.04375457763672,93.14664144,0.34565619,0.07393715
Nick Pivetta,P,R,2025,32.0,181.2,31.0,2.8733946563101758,3.4929345033795105,0.9853211560910373,190.0,0.26352288,0.06934813,3.713437557220459,29.707500457763672,93.79375,0.44979079,0.10878661
Bryan Woo,P,R,2025,25.0,186.2,30.0,2.9410715888471106,3.4672791934499947,0.9267857647915303,198.0,0.27086183,0.04924761,3.6473326683044434,29.178661346435547,95.65553869,0.4178499,0.09127789
Sonny Gray,P,R,2025,35.0,180.2,32.0,4.284133082548646,3.3897488786683345,1.2343174126722842,201.0,0.26693227,0.05046481,3.5915632247924805,28.732505798339844,92.04713494,0.40508806,0.09784736
Freddy Peralta,P,R,2025,29.0,176.2,33.0,2.6999999222665485,3.6445702658042487,1.0754716671501976,204.0,0.28215768,0.09128631,3.5617992877960205,28.494394302368164,94.84191399,0.34459459,0.09234234
Dylan Cease,P,R,2025,29.0,168.0,32.0,4.553571428571429,3.5577553658258347,1.3273809523809523,215.0,0.29778393,0.09833795,3.4345927238464355,27.476741790771484,97.03632479,0.37354988,0.08584687
Matthew Boyd,P,L,2025,34.0,179.2,31.0,3.2059368294643527,3.647195672912899,1.0909090600260645,154.0,0.21448468,0.05849582,3.4315927028656006,27.452741622924805,93.22367466,0.38011696,0.08966862
Jacob deGrom,P,R,2025,37.0,172.2,30.0,2.971042646079201,3.64478885788509,0.920849475100571,185.0,0.27653214,0.05530643,3.3589272499084473,26.871417999267578,97.54613466,0.41891892,0.09234234
Carlos Rodón,P,L,2025,32.0,195.1,33.0,3.087030797106402,3.780187529542453,1.0494880819350123,203.0,0.25728771,0.09252218,3.2605199813842773,26.08415985107422,93.75785024,0.38888889,0.07539683
Merrill Kelly,P,R,2025,36.0,184.0,32.0,3.5217393494734153,3.7601363570793844,1.1141305040772378,167.0,0.22326203,0.06417112,3.1719642877578735,25.37571430206299,91.97643732,0.43502825,0.09227872
David Peterson,P,L,2025,29.0,168.2,30.0,4.215415274000524,3.484938710845368,1.3695652999917314,150.0,0.20746888,0.08990318,3.144893169403076,25.15914535522461,91.73447537,0.45908184,0.06387226
Joe Ryan,P,R,2025,29.0,171.0,30.0,3.4210526315789473,3.7374754994933372,1.0350877192982457,194.0,0.28156749,0.05660377,3.037055090069771,24.296440720558167,93.60559361,0.41891892,0.11486486
MacKenzie Gore,P,L,2025,26.0,159.2,30.0,4.171190244873954,3.7426520145322733,1.3528184577969582,185.0,0.27205882,0.09411765,2.989614725112915,23.91691780090332,95.29755043,0.44131455,0.1056338
Luis Severino,P,R,2025,31.0,162.2,29.0,4.536885529620407,4.106447854358581,1.3032787700264583,124.0,0.17588652,0.07092199,2.88321852684021,23.06574821472168,95.96626687,0.41941748,0.06019417
Brady Singer,P,R,2025,28.0,169.2,32.0,4.031434426384313,3.9779654453602333,1.237721095819745,163.0,0.22765363,0.08379888,2.7749876976013184,22.199901580810547,92.0556701,0.40709812,0.09394572
José Soriano,P,R,2025,26.0,169.0,31.0,4.260355029585799,3.7327694543014625,1.3964497041420119,152.0,0.20994475,0.10773481,2.7741787433624268,22.193429946899414,97.33955224,0.4805726,0.07157464
Nick Lodolo,P,L,2025,27.0,156.2,28.0,3.331915109961659,3.811732106819691,1.0787234742979317,156.0,0.24299065,0.0482866,2.713577501475811,21.708620011806488,93.85609158,0.40497738,0.08144796
Luis Castillo,P,R,2025,32.0,180.2,32.0,3.5369002694302303,3.8768337143001377,1.1845018116714698,162.0,0.21744966,0.06174497,2.6658592224121094,21.326873779296875,94.97400687,0.46415094,0.10377358
Jack Flaherty,P,R,2025,29.0,161.0,31.0,4.6397515527950315,3.8494220324925017,1.279503105590062,188.0,0.27606461,0.0866373,2.6174380779266357,20.939504623413086,92.88064047,0.43822844,0.1025641
Dean Kremer,P,R,2025,29.0,171.2,29.0,4.194174889316324,3.968146053168224,1.2116505235802713,142.0,0.20056497,0.06355932,2.5980435833334923,20.78434866666794,93.15844786,0.35067437,0.08477842
Logan Gilbert,P,R,2025,28.0,131.0,25.0,3.435114503816794,3.3488767762220544,1.0305343511450382,173.0,0.32336449,0.05794393,2.574345827102661,20.59476661682129,95.44581281,0.41666667,0.08641975
Mitch Keller,P,R,2025,29.0,176.1,32.0,4.185255319209694,4.019824434462495,1.2589792423638917,150.0,0.20026702,0.06809079,2.5296645164489746,20.237316131591797,93.72751323,0.43680297,0.07806691
Drew Rasmussen,P,R,2025,29.0,150.0,31.0,2.76,3.841802984873454,1.02,127.0,0.21709402,0.06324786,2.4666099548339844,19.732879638671875,95.69910847,0.43269231,0.0625
Casey Mize,P,R,2025,28.0,149.0,28.0,3.865771812080537,3.8868141705557804,1.2684563758389262,139.0,0.22169059,0.05741627,2.4477386474609375,19.5819091796875,94.68721251,0.42538976,0.09131403
Chris Bassitt,P,R,2025,36.0,170.1,31.0,3.9628181222461953,4.009891725932244,1.326810215744652,166.0,0.22554348,0.07065217,2.3868305180221796,19.094644144177437,91.59537167,0.36633663,0.08514851
Kyle Freeland,P,L,2025,32.0,162.2,31.0,4.979508508119959,4.180218350775174,1.4200820560193956,124.0,0.17489422,0.05359661,2.3666598796844482,18.933279037475586,91.58350305,0.47319778,0.09426987
Yusei Kikuchi,P,L,2025,34.0,178.1,33.0,3.9869160015617013,4.228594293318646,1.4242991060431396,174.0,0.2253886,0.09585492,2.257713556289673,18.061708450317383,94.8109319,0.42226488,0.0940499
Justin Verlander,P,R,2025,42.0,152.0,29.0,3.848684210526316,3.8456626339962607,1.361842105263158,137.0,0.20694864,0.07854985,2.2575080394744873,18.0600643157959,93.96814753,0.37044968,0.08137045
Jack Leiter,P,R,2025,25.0,151.2,29.0,3.8571431158476184,4.150521001694878,1.279120964913569,148.0,0.22910217,0.10371517,2.2282090187072754,17.825672149658203,97.06554878,0.43896714,0.10798122
Robbie Ray,P,L,2025,33.0,182.1,32.0,3.652650924561298,3.930383141121784,1.2120658473394097,186.0,0.24635762,0.09668874,2.194608688354492,17.556869506835938,93.62015019,0.44715447,0.09552846
Will Warren,P,R,2025,26.0,162.1,33.0,4.435318414122357,4.065321152279671,1.373716675485119,171.0,0.24050633,0.09142053,2.1159939765930176,16.92795181274414,93.3008547,0.4522293,0.10828025
Jeffrey Springs,P,L,2025,32.0,171.0,30.0,4.105263295266111,4.649756251930324,1.2105263562964175,138.0,0.19354839,0.07573633,2.110762447118759,16.886099576950073,90.74174917,0.37258687,0.08108108
Shane Smith,P,R,2025,25.0,146.1,29.0,3.8132119776423625,4.09868988244975,1.1958998137767267,145.0,0.23538961,0.09415584,2.0931010246276855,16.744808197021484,95.69086988,0.45386534,0.06733167
Edward Cabrera,P,R,2025,27.0,137.2,26.0,3.5302666046856825,3.8252090084231245,1.2276029962795891,150.0,0.25817556,0.08261618,1.995671033859253,15.965368270874023,96.92810458,0.46380697,0.08579088
Nick Martinez,P,R,2025,34.0,165.2,26.0,4.454728438605394,4.330307362710673,1.2072434792968547,116.0,0.16983895,0.06149341,1.9819584637880325,15.85566771030426,92.61105425,0.34489403,0.06936416
Ryan Pepiot,P,R,2025,27.0,167.2,31.0,3.864811367683266,4.357800408291771,1.163021939349131,167.0,0.24594993,0.089838,1.9406425952911377,15.525140762329102,95.21060842,0.4247191,0.09662921
Clay Holmes,P,R,2025,32.0,165.2,31.0,3.5311871362881386,4.106967307851899,1.3038229426294665,129.0,0.18220339,0.09322034,1.9129657968878746,15.303726375102997,93.72627451,0.422,0.068
Lucas Giolito,P,R,2025,30.0,145.0,26.0,3.413793103448276,4.169619076827477,1.289655172413793,121.0,0.19738989,0.091354,1.9063383340835571,15.250706672668457,93.30628272,0.4091954,0.08965517
Brayan Bello,P,R,2025,26.0,166.2,28.0,3.3480002043457158,4.191136382659916,1.2360000754394578,124.0,0.17714286,0.08428571,1.8697170317173004,14.957736253738403,95.27387121,0.39285714,0.07142857
Shane Baz,P,R,2025,26.0,166.1,31.0,4.869739627868396,4.367601285753727,1.3346693794898568,176.0,0.24753868,0.09001406,1.866355061531067,14.930840492248535,97.00753769,0.39393939,0.0952381
Colin Rea,P,R,2025,34.0,159.1,27.0,3.953975045283022,4.11421585322925,1.2489540222401927,127.0,0.1918429,0.06646526,1.8584991097450256,14.867992877960205,93.73504921,0.41030928,0.10309278
Patrick Corbin,P,L,2025,35.0,155.1,30.0,4.403433620581684,4.248870260254494,1.3648069116422763,131.0,0.19758673,0.07692308,1.8375097140669823,14.700077712535858,91.58996328,0.40376569,0.08368201
Tanner Bibee,P,R,2025,26.0,182.1,31.0,4.244972696111779,4.336233243850817,1.2285192298824785,162.0,0.21259843,0.07086614,1.8225750923156738,14.58060073852539,94.31245106,0.36567164,0.08022388
Matthew Liberatore,P,L,2025,25.0,151.2,29.0,4.213187095772014,4.025246268017776,1.305494593056117,122.0,0.1882716,0.0617284,1.8086906671524048,14.469525337219238,93.96774194,0.41078838,0.10580913
Brandon Pfaadt,P,R,2025,26.0,176.2,33.0,5.247170113454573,4.216268455930438,1.3301887558379986,147.0,0.1916558,0.0482399,1.7478997707366943,13.983198165893555,93.43223443,0.45709282,0.10858144
Sandy Alcantara,P,R,2025,29.0,174.2,31.0,5.358778938047624,4.280174552832348,1.2709924404343724,142.0,0.19060403,0.07651007,1.714194893836975,13.7135591506958,97.40417001,0.44878957,0.08566108
Taj Bradley,P,R,2025,24.0,142.2,27.0,5.046729196866169,4.347753194676019,1.3107477219638521,127.0,0.20991736,0.09256198,1.6938871294260025,13.55109703540802,96.26054358,0.38755981,0.07177033
Logan Allen,P,L,2025,26.0,156.2,29.0,4.251064105813151,4.373434270951158,1.3978724311908108,122.0,0.18047337,0.09171598,1.6797977164387703,13.438381731510162,90.61976285,0.3744856,0.09053498
Kyle Hendricks,P,R,2025,35.0,164.2,31.0,4.755061022495843,4.598699161656977,1.2753037225084636,114.0,0.16402878,0.0618705,1.6186383962631226,12.94910717010498,86.32993445,0.34333959,0.08255159
Gavin Williams,P,R,2025,25.0,167.2,31.0,3.0596423327492523,4.393585698733283,1.270377810673666,173.0,0.24573864,0.11789773,1.398141622543335,11.18513298034668,96.53613054,0.44269663,0.08988764
Michael Lorenzen,P,R,2025,33.0,141.2,26.0,4.6376473918347445,4.589254069680086,1.3270589188202924,127.0,0.20957096,0.06435644,1.350354801863432,10.802838414907455,93.54184549,0.39170507,0.0875576
Zack Littell,P,R,2025,29.0,186.2,32.0,3.80892870115991,4.8762078060787575,1.1035714661588487,130.0,0.171278,0.04216074,1.3483340740203857,10.786672592163086,91.89801444,0.40677966,0.09830508
Eduardo Rodriguez,P,L,2025,32.0,154.1,29.0,5.0151189557767655,4.573581290018728,1.5421166814920801,143.0,0.20605187,0.08645533,1.3478240966796875,10.7825927734375,91.97493036,0.35102041,0.08163265
José Berríos,P,R,2025,31.0,166.0,30.0,4.174698795180723,4.647184510977872,1.3012048192771084,138.0,0.19770774,0.08022923,1.251883439719677,10.015067517757416,92.49886963,0.42454728,0.11267606
Davis Martin,P,R,2025,28.0,142.2,25.0,4.100467582094252,4.635136425160924,1.2897197181287903,104.0,0.17304493,0.07986689,1.1779861152172089,9.423888921737671,93.75892857,0.44469526,0.09706546
Zac Gallen,P,R,2025,29.0,192.0,33.0,4.828125,4.504927984873454,1.2604166666666667,175.0,0.21525215,0.08118081,1.1686758995056152,9.349407196044922,93.58843309,0.42957746,0.09683099
Bailey Ober,P,R,2025,29.0,146.1,27.0,5.104783776521227,4.898234329374762,1.298405512100446,120.0,0.19230769,0.04967949,1.0830836296081543,8.664669036865234,90.3029316,0.39102564,0.10897436
Mitchell Parker,P,L,2025,25.0,164.2,30.0,5.68421074578485,4.987363110369586,1.4331984359030177,103.0,0.14206897,0.08,0.9916807264089584,7.9334458112716675,92.99334664,0.5,0.09642857
Bryce Elder,P,R,2025,26.0,156.1,28.0,5.2963754388406725,4.548782419636484,1.3944563353469404,131.0,0.19293078,0.07511046,0.9205593466758728,7.364474773406982,91.79477883,0.43788187,0.07739308
Shota Imanaga,P,L,2025,31.0,144.2,25.0,3.7327191564828306,4.86324703880069,0.9884793321797125,117.0,0.20634921,0.04585538,0.8867735266685486,7.094188213348389,90.88679245,0.43498818,0.11583924
Randy Vásquez,P,R,2025,26.0,133.2,26.0,3.8379052551626516,4.848353283961655,1.3241895324830202,78.0,0.13684211,0.09122807,0.8384902998805046,6.707922399044037,93.36069364,0.3926097,0.10854503
Andre Pallante,P,R,2025,26.0,162.2,31.0,5.311475741994623,4.684316742955219,1.444672221491593,111.0,0.15524476,0.08671329,0.7509058713912964,6.007246971130371,94.63869315,0.39851024,0.06517691
JP Sears,P,L,2025,29.0,135.2,27.0,5.041769136279228,5.213760435795592,1.3194103441432483,117.0,0.20068611,0.06174957,0.740987092256546,5.927896738052368,91.93866667,0.39386792,0.09433962
Chris Paddack,P,R,2025,29.0,158.0,28.0,5.354430444384592,5.027541404342713,1.284810142092284,112.0,0.16716418,0.05522388,0.666164718568325,5.3293177485466,93.68163593,0.45559846,0.1023166
Seth Lugo,P,R,2025,35.0,145.1,26.0,4.149082714013711,5.089264826962831,1.2935780269230144,125.0,0.20458265,0.09001637,0.6177961826324463,4.94236946105957,91.57579318,0.45176471,0.11058824
Charlie Morton,P,R,2025,41.0,142.0,27.0,5.830986032975949,4.959080016927525,1.5774648205152328,149.0,0.22782875,0.11009174,0.35429172590374947,2.8343338072299957,94.17355372,0.43436754,0.08591885
Miles Mikolas,P,R,2025,36.0,156.1,31.0,4.835821052854527,5.034923160399638,1.3176972710159163,100.0,0.14947683,0.05530643,0.320558100938797,2.564464807510376,92.75579323,0.41776938,0.12665406
Tomoyuki Sugano,P,R,2025,35.0,157.0,30.0,4.643312101910828,5.35806625451252,1.3312101910828025,106.0,0.15703704,0.05333333,0.08389600366353989,0.6711680293083191,92.86956522,0.39809524,0.11809524
Tyler Anderson,P,L,2025,35.0,136.1,26.0,4.555012394875241,5.599684087414647,1.4083130109759197,104.0,0.1736227,0.0951586,-0.07103482633829117,-0.5682786107063293,89.26380368,0.36551724,0.11034483
Jake Irvin,P,R,2025,28.0,180.0,33.0,5.7,5.635136318206787,1.4277777777777778,124.0,0.15756036,0.07878018,-0.25133684277534485,-2.010694742202759,92.24527112,0.47058824,0.11932773
Jacob Misiorowski,P,R,2026,24.0,174.2,30.0,1.8034350619881008,2.1673056619427538,0.8015266942169337,252.0,0.37894737,0.06616541,6.649564266204834,53.19651412963867,100.63251936,0.33333333,0.03611111
Cristopher Sánchez,P,L,2026,29.0,207.0,33.0,2.9130434782608696,2.800994833425624,1.2028985507246377,231.0,0.26954492,0.05250875,6.236780643463135,49.89424514770508,95.12767475,0.41913043,0.07478261
Cam Schlittler,P,R,2026,25.0,193.2,33.0,1.951807331436201,2.5583430384614614,0.9191050396710152,239.0,0.31406045,0.06438896,6.22825288772583,49.82602310180664,98.01344364,0.38115632,0.07280514
Chris Sale,P,L,2026,37.0,162.2,27.0,2.1577870201853155,2.289036281055672,0.9836066188878931,200.0,0.30864198,0.04783951,5.831142425537109,46.649139404296875,96.10452418,0.35074627,0.06218905
Jesús Luzardo,P,L,2026,28.0,179.2,29.0,2.855287731236487,2.7776916862547214,1.0742115636035905,221.0,0.30273973,0.07123288,5.518224489875138,44.1457959190011,96.45316253,0.33183857,0.05829596
Dylan Cease,P,R,2026,30.0,169.0,29.0,2.396449704142012,2.556133043413332,1.1005917159763314,239.0,0.34890511,0.11386861,5.490307331085205,43.92245864868164,96.68591224,0.31506849,0.05479452
Tarik Skubal,P,L,2026,29.0,158.2,26.0,2.722689119269894,2.508074757352605,0.9642857297414208,186.0,0.3,0.04354839,5.2087242603302,41.6697940826416,96.81880734,0.34825871,0.06716418
Drew Rasmussen,P,R,2026,30.0,172.0,30.0,2.6686046511627906,2.8156280207079507,0.9127906976744186,174.0,0.26008969,0.04783259,4.969799995422363,39.758399963378906,95.63352685,0.3377193,0.05921053
Parker Messick,P,L,2026,25.0,186.1,32.0,2.559928513526671,3.068311382977471,1.062611835803524,193.0,0.2583668,0.06559572,4.921542167663574,39.372337341308594,93.9916318,0.34331337,0.0499002
Reid Detmers,P,L,2026,26.0,185.0,32.0,3.3567567567567567,3.0140252551516973,1.037837837837838,211.0,0.28513514,0.06486486,4.892625331878662,39.1410026550293,94.08375451,0.37605042,0.07773109
Yoshinobu Yamamoto,P,R,2026,27.0,185.0,28.0,2.5297297297297296,3.332944174070616,0.8702702702702703,182.0,0.25706215,0.05932203,4.662197113037109,37.297576904296875,95.92651163,0.35639413,0.06498952
Jacob deGrom,P,R,2026,38.0,162.2,31.0,4.204918295745743,3.1128068243742826,1.1372951530891264,201.0,0.3008982,0.06886228,4.312285423278809,34.49828338623047,97.32743363,0.44868735,0.07875895
Chase Burns,P,R,2026,23.0,154.1,29.0,2.857451498058855,3.243060342448376,1.1663067339015734,185.0,0.29365079,0.08888889,4.297021865844727,34.37617492675781,97.69874477,0.3814433,0.07989691
Paul Skenes,P,R,2026,24.0,174.1,32.0,3.820267797882716,3.329957255024533,1.1185468777584529,200.0,0.28089888,0.06882022,4.190069675445557,33.52055740356445,96.81926121,0.38716814,0.07300885
Payton Tolle,P,L,2026,23.0,148.2,26.0,3.026906036712649,3.0399736209039308,1.096412631075915,171.0,0.28358209,0.06633499,4.146632671356201,33.17306137084961,95.71455939,0.34455959,0.05958549
Bryan Woo,P,R,2026,26.0,173.0,30.0,4.005780346820809,3.245020412158415,1.1040462427745665,175.0,0.24647887,0.05492958,4.084872245788574,32.678977966308594,96.06617647,0.42827869,0.06967213
Zack Wheeler,P,R,2026,36.0,162.0,28.0,3.0,3.3474253218850976,1.0493827160493827,193.0,0.29922481,0.07286822,4.036704063415527,32.29363250732422,95.12915129,0.35162095,0.05985037
Trevor Rogers,P,L,2026,28.0,169.2,30.0,4.031434426384313,3.4482524304637314,1.184675905998899,157.0,0.22460658,0.05579399,3.951662063598633,31.613296508789062,93.80744125,0.362,0.068
Cade Cavalli,P,R,2026,27.0,169.2,32.0,3.0235758197882343,3.253753401120629,1.1552063560984287,200.0,0.28328612,0.06798867,3.8921732902526855,31.137386322021484,96.63714734,0.40497738,0.07013575
Ranger Suarez,P,L,2026,30.0,148.1,28.0,3.2157304473441632,3.161185901022036,1.1865168946175528,140.0,0.22875817,0.0751634,3.8015053272247314,30.41204261779785,90.91785714,0.33651551,0.05250597
Braxton Ashcraft,P,R,2026,26.0,165.1,28.0,3.647177531555469,3.4997053023059466,1.0887097109120802,173.0,0.25937031,0.05247376,3.549931764602661,28.39945411682129,97.24495171,0.4159292,0.0619469
Gavin Williams,P,R,2026,26.0,184.1,32.0,3.7594937746208363,3.474833632617748,1.1121157630552259,248.0,0.33243968,0.08176944,3.5484395027160645,28.387516021728516,97.42501943,0.45475638,0.1136891
Nolan McLean,P,R,2026,24.0,179.2,31.0,3.155844334524538,3.5903076877372304,1.1688312350090881,194.0,0.25970549,0.09370817,3.4602718353271484,27.682174682617188,95.45997459,0.35470085,0.06410256
Sonny Gray,P,R,2026,36.0,169.0,29.0,2.7159763313609466,3.4732928067269415,1.1479289940828403,149.0,0.2181552,0.06734993,3.3685214519500732,26.948171615600586,91.80705394,0.38302277,0.06832298
Shane Baz,P,R,2026,27.0,179.2,31.0,4.107606911603367,3.623702865880347,1.3469388517723777,154.0,0.20026008,0.08192458,3.3603739738464355,26.882991790771484,95.75139888,0.41208791,0.06776557
Sean Burke,P,R,2026,26.0,172.1,27.0,3.342359866538422,3.6227554707848126,1.1953578689356161,185.0,0.25837989,0.08659218,3.242266833782196,25.93813467025757,94.79740791,0.38695652,0.0826087
Sandy Alcantara,P,R,2026,30.0,214.0,33.0,3.869158878504673,4.081820152853137,1.2289719626168225,153.0,0.17114094,0.06599553,3.222329970449209,25.778639763593674,97.41273101,0.36106984,0.05497771
Eduardo Rodriguez,P,L,2026,33.0,189.2,32.0,2.8945520005882543,3.8913729439847016,1.2390158836762108,143.0,0.18147208,0.0786802,3.1555659770965576,25.24452781677246,92.00950441,0.32817869,0.07560137
Kevin Gausman,P,R,2026,35.0,177.2,32.0,4.508442938070778,3.742162796494699,1.272045073662916,184.0,0.24533333,0.06266667,3.1352381706237793,25.081905364990234,93.88115561,0.3996139,0.07722008
Logan Webb,P,R,2026,29.0,160.2,27.0,4.313277871752288,3.4552835146394543,1.170124444284892,134.0,0.2005988,0.06137725,3.073671340942383,24.589370727539062,92.1715089,0.3879668,0.05809129
Nick Martinez,P,R,2026,35.0,180.0,31.0,3.1,3.961622852749295,1.0944444444444446,109.0,0.15096953,0.03601108,2.9197134971618652,23.357707977294922,92.54058876,0.32876712,0.06849315
Logan Gilbert,P,R,2026,29.0,186.0,32.0,3.725806451612903,3.826318193251087,1.086021505376344,205.0,0.27333333,0.06533333,2.853381633758545,22.82705307006836,96.40365449,0.41308793,0.1002045
MacKenzie Gore,P,L,2026,27.0,173.0,34.0,4.578034682080925,3.869297868805814,1.3352601156069364,174.0,0.232,0.09466667,2.830984115600586,22.647872924804688,95.18449712,0.41164659,0.08634538
Taj Bradley,P,R,2026,25.0,178.1,31.0,3.734579545766657,3.8238762482506443,1.222429941407104,205.0,0.27406417,0.10160428,2.7994227409362793,22.395381927490234,97.225,0.45356371,0.09071274
Dustin May,P,R,2026,28.0,145.2,31.0,4.695652255892411,3.6291158698599904,1.3180778262154136,144.0,0.23188406,0.0805153,2.7529529482126236,22.02362358570099,96.82003711,0.44230769,0.07692308
Noah Cameron,P,L,2026,26.0,177.1,30.0,4.11090237354773,3.9238200359289497,1.2293233435300481,158.0,0.21179625,0.07774799,2.7508008033037186,22.00640642642975,92.40665874,0.37714286,0.08190476
Andre Pallante,P,R,2026,27.0,162.0,29.0,3.8333333333333335,3.7424870502801593,1.271604938271605,110.0,0.16200295,0.0736377,2.695524215698242,21.564193725585938,95.3509687,0.3411306,0.04873294
Michael King,P,R,2026,31.0,185.0,32.0,3.210810810810811,4.132944174070616,1.1783783783783783,159.0,0.21003963,0.09247028,2.650116443634033,21.200931549072266,93.68850174,0.32621359,0.0815534
Foster Griffin,P,L,2026,30.0,172.2,31.0,3.5965252289541985,3.957654630342244,1.210424754994247,158.0,0.21914008,0.06241331,2.5967485308647156,20.773988246917725,91.53058511,0.37007874,0.08267717
Davis Martin,P,R,2026,29.0,146.0,28.0,3.945205762923668,3.826539191065109,1.3150685876412227,122.0,0.19773096,0.07455429,2.5891395434737206,20.713116347789764,93.44328922,0.44419134,0.06150342
José Soriano,P,R,2026,27.0,177.1,32.0,3.9078947648636007,3.90126362707921,1.285714294933479,169.0,0.22684564,0.09798658,2.567591071128845,20.54072856903076,96.67140921,0.37449393,0.07489879
Kyle Leahy,P,R,2026,29.0,140.0,30.0,3.664285714285714,3.5933688844953267,1.3428571428571427,132.0,0.22147651,0.06879195,2.5586371421813965,20.469097137451172,94.29431072,0.46889952,0.09808612
Walbert Ureña,P,R,2026,22.0,148.1,27.0,2.9730339244952972,3.6196129030579973,1.2269663815377416,142.0,0.2272,0.1088,2.550701253116131,20.405610024929047,98.07794232,0.35221675,0.05418719
Ryan Weathers,P,L,2026,26.0,137.1,25.0,3.604369065529872,3.617502052047519,1.2233010161798354,143.0,0.25176056,0.06690141,2.547100067138672,20.376800537109375,95.00612245,0.40625,0.0859375
Joe Ryan,P,R,2026,30.0,144.2,27.0,3.794930742151964,3.7018942089737408,1.1612902817514206,159.0,0.25895765,0.0504886,2.5305631160736084,20.244504928588867,93.45877863,0.40875912,0.09975669
George Kirby,P,R,2026,28.0,174.2,30.0,4.328244526884619,3.9020385058760763,1.396946646243184,148.0,0.19973009,0.0634278,2.5088157653808594,20.070526123046875,96.84400294,0.4014733,0.06629834
Keider Montero,P,R,2026,25.0,155.0,25.0,3.483871224966078,3.9779311612592703,1.0387097541102566,107.0,0.1712,0.0592,2.4944300651550293,19.955440521240234,94.47540984,0.36421053,0.07157895
Landen Roupp,P,R,2026,27.0,155.0,29.0,4.006451612903226,3.726318193251087,1.2967741935483872,143.0,0.21765601,0.11415525,2.4924209117889404,19.939367294311523,93.35635359,0.29953917,0.05069124
Michael Wacha,P,R,2026,34.0,200.2,32.0,3.3189370453254496,4.381242703573079,1.1063123484418165,158.0,0.19458128,0.06650246,2.449580430984497,19.596643447875977,93.23058447,0.3693086,0.07082631
Eury Pérez,P,R,2026,23.0,159.0,29.0,3.9056603773584904,4.069065200757681,1.2075471698113207,170.0,0.25757576,0.1030303,2.4465473368763924,19.57237869501114,98.05410959,0.39563107,0.09951456
Peter Lambert,P,R,2026,29.0,155.2,29.0,3.815846073769552,3.9099336360741495,1.2526767413889943,154.0,0.23192771,0.08885542,2.4155890941619873,19.3247127532959,93.87226277,0.35535308,0.06833713
Casey Mize,P,R,2026,29.0,131.1,26.0,4.317259050447069,4.1436589901589045,1.2258883723491678,110.0,0.2003643,0.06921676,2.295028269290924,18.360226154327393,93.3592233,0.39447236,0.08291457
Will Warren,P,R,2026,27.0,156.0,29.0,3.9230770909574684,3.940255367316988,1.3653846738136286,158.0,0.23338257,0.07976366,2.2193818986415863,17.75505518913269,93.60918817,0.43817787,0.07158351
Tyler Mahle,P,R,2026,31.0,149.0,27.0,3.9865772832723856,3.9931292141554016,1.2348993604749476,137.0,0.22312704,0.07491857,2.067352533340454,16.538820266723633,92.87542662,0.37149533,0.06775701
Joey Cantillo,P,L,2026,26.0,159.0,30.0,3.6226415094339623,3.9810148862922716,1.4150943396226414,171.0,0.2489083,0.11790393,2.0408612191677094,16.326889753341675,92.27888889,0.39393939,0.07459207
Bubba Chandler,P,R,2026,23.0,154.0,30.0,4.616883431383342,4.243368962346296,1.4025974981417748,140.0,0.20771513,0.11869436,2.0154501497745514,16.12360119819641,98.22529644,0.39149888,0.06040268
Framber Valdez,P,L,2026,32.0,174.0,31.0,4.0344827586206895,4.140741626695655,1.3620689655172413,135.0,0.17810026,0.0883905,1.967039942741394,15.736319541931152,93.92720307,0.41881919,0.05535055
Freddy Peralta,P,R,2026,30.0,169.0,32.0,4.420118442966945,4.283943721013538,1.325443816900396,156.0,0.21369863,0.08630137,1.9409659504890442,15.527727603912354,94.3910828,0.37176938,0.05765408
Michael McGreevy,P,R,2026,25.0,168.2,31.0,3.948616838937199,4.226994023016664,1.2806324883039566,115.0,0.16381766,0.06837607,1.878587245941162,15.028697967529297,91.51845343,0.41821561,0.09107807
Seth Lugo,P,R,2026,36.0,172.1,32.0,5.170212918551622,4.377107523996608,1.473887857813818,134.0,0.17842876,0.07190413,1.7994368076324463,14.39549446105957,91.5540409,0.42779783,0.07942238
Shota Imanaga,P,L,2026,32.0,174.1,32.0,3.7686425573707876,4.471448684121621,1.095602326419818,174.0,0.24645892,0.05240793,1.7858495712280273,14.286796569824219,91.44744977,0.36885246,0.09836066
Emerson Hancock,P,R,2026,27.0,138.2,25.0,3.5697118003340353,4.00195411545991,1.1394231605106617,126.0,0.22261484,0.0565371,1.7498548030853271,13.998838424682617,95.24029304,0.41645885,0.0872818
Kumar Rocker,P,R,2026,26.0,148.0,27.0,4.378378547657317,4.309971247858337,1.405405459741855,138.0,0.21395349,0.09457364,1.6033610105514526,12.826888084411621,94.42262443,0.40045249,0.07466063
Brandon Young,P,R,2026,27.0,156.2,28.0,3.561702358924532,4.472852256277564,1.3468085980879503,133.0,0.19880419,0.09118087,1.580162525177002,12.641300201416016,94.29860602,0.39278132,0.06794055
Tanner Bibee,P,R,2026,27.0,188.0,33.0,4.3563829787234045,4.520724507595631,1.2234042553191489,148.0,0.18974359,0.07051282,1.5153331756591797,12.122665405273438,93.67301829,0.39298246,0.08421053
Martín Pérez,P,L,2026,35.0,142.0,26.0,3.0422537458768444,4.318821690797198,1.2746479814900666,102.0,0.17114094,0.10402685,1.4831094220280647,11.864875376224518,89.31864407,0.34965035,0.04662005
Walker Buehler,P,R,2026,31.0,153.2,32.0,4.626898354016772,4.50615174792176,1.3470716726884273,131.0,0.20122888,0.0875576,1.4778162240982056,11.822529792785645,94.16889313,0.38596491,0.08333333
Kyle Bradish,P,R,2026,29.0,155.0,29.0,4.122580645161291,4.358576257767216,1.4580645161290322,142.0,0.2122571,0.10463378,1.4679826498031616,11.743861198425293,94.62331201,0.3876652,0.08370044
Andrew Abbott,P,L,2026,27.0,166.0,32.0,4.608433734939759,4.931837042843003,1.4518072289156627,131.0,0.17969822,0.1042524,1.3594725131988525,10.87578010559082,92.46687697,0.38505747,0.08045977
Rhett Lowder,P,R,2026,24.0,133.1,26.0,5.737500218868264,4.705511802864077,1.522500058078768,103.0,0.1708126,0.09286899,1.333012729883194,10.664101839065552,93.44204152,0.37899543,0.09589041
Aaron Nola,P,R,2026,33.0,175.1,33.0,4.671102797101468,4.8685726294299485,1.3460076436092143,177.0,0.23790323,0.07930108,1.29647958278656,10.37183666229248,92.02981467,0.40316206,0.09288538
Anthony Kay,P,L,2026,31.0,158.0,31.0,4.443038001501337,4.7524104857861165,1.3734177298088177,129.0,0.18169014,0.07887324,1.2667582482099533,10.134065985679626,95.64195298,0.38877756,0.08016032
Bryce Elder,P,R,2026,27.0,149.0,26.0,4.10738255033557,4.6172902651281165,1.2684563758389262,121.0,0.19115324,0.07740916,1.16599440574646,9.32795524597168,91.66929825,0.39782609,0.0673913
Matthew Liberatore,P,L,2026,26.0,155.0,31.0,5.225806451612903,4.623092386799474,1.4709677419354839,154.0,0.22848665,0.08160237,1.1288913488388062,9.03113079071045,94.31414141,0.42391304,0.09347826
Robbie Ray,P,L,2026,34.0,165.2,30.0,3.5855131954325983,4.69407316183045,1.3521127201631347,140.0,0.1994302,0.11965812,0.8835142701864243,7.068114161491394,93.02633559,0.37394958,0.07983193
Grant Holmes,P,R,2026,30.0,151.2,29.0,3.44175847260249,4.755456907583059,1.305494593056117,115.0,0.17912773,0.09657321,0.8419810310006142,6.735848248004913,93.97722567,0.45238095,0.08874459
Kyle Freeland,P,L,2026,33.0,135.1,26.0,6.650246555356427,5.088196545405827,1.5221675448926932,108.0,0.17618271,0.04730832,0.8315427899360657,6.652342319488525,91.30381471,0.43496802,0.1108742
Tomoyuki Sugano,P,R,2026,36.0,154.1,29.0,5.3650109759472375,5.394248318311278,1.3153348165667744,96.0,0.14634146,0.05487805,0.4112028181552887,3.2896225452423096,92.60742972,0.4318618,0.11708253
Brady Singer,P,R,2026,29.0,157.0,31.0,5.8471337579617835,5.616435308517165,1.5923566878980893,126.0,0.1737931,0.08551724,0.089678093791008,0.717424750328064,91.14489796,0.4348659,0.10536398
Merrill Kelly,P,R,2026,37.0,162.0,29.0,4.944444444444445,5.322733963860406,1.4567901234567902,113.0,0.16051136,0.09943182,-0.06532849371433258,-0.5226279497146606,92.23156802,0.4139265,0.11025145
Jeffrey Springs,P,L,2026,33.0,142.2,29.0,6.18224343146518,6.023409146310497,1.4649533754832456,112.0,0.17777778,0.09047619,-0.4206357002258301,-3.3650856018066406,91.40150094,0.34868421,0.09429825
